question,answer,split
"מהו השיקול המרכזי שהשפיע על ההחלטה בעניינו של הנאשם, בהתחשב במצבו השיקומי?","נראה לי כי יש לתת משקל יתר לפן השיקומי, לאור האמור בתסקירי שירות המבחן, מאחר וכל העבירות בוצעו בתקופה של כ-3 חודשים בשנת 2011, כאשר הנאשם צרך לרעה סמים וכיום כאמור הנאשם אינו משתמש בסמים ואף מצוי בטיפול ממושך בנושא.",train
מהו השיקול שהוביל את בית המשפט למסקנה שאין מקום לחריגה לקולא בעניינו של הנאשם?,"בענייננו, לא מצאתי כי בעניינו של הנאשם מתקיימים שיקולי שיקום המצדיקים חריגה לקולא מהמתחם האמור.",train
מהו השיקול המרכזי שהצדיק החמרה בענישת הנאשם?,"אין ספק כי מעשיו של הנאשם חמורים, וגם אם יתכן, שכל עבירה לכשעצמה לא היתה מצדיקה עונש של מאסר בפועל, אין ספק כי ריבוי העבירות, תכיפותן והתפרסותן במשך מספר שנים, מצדיקים הטלת ענישה מחמירה על הנאשם.",train
מהו החשש המובע לגבי ריצוי העונש של הנאשם בעקבות עיכוב הביצוע?,"באשר לעיכוב הביצוע, אכן מדובר בנאשם אשר התייצב לכל הדיונים שנקבעו בעניינו והמדובר בתיקים ישנים יחסית, אולם הוטל על הנאשם עונש מאסר ארוך אשר יש חשש כי הוא ימלט מריצוי עונש זה.",train
מהו השיקול שהנחה את בית המשפט בהחלטתו להימנע מהטלת מאסר בעבודות שירות על הנאשם?,"נראה לי כי על ביהמ\ש לעודד את הנאשם להמשיך בדרך השיקום, להשתלב בלימודים ולחזור להיות אזרח מועיל בחברה, ונראה לי כי עונש של מאסר בעבודות שירות, הגם שראוי בעבירות בהן הורשע, עשוי לפגוע במאמצי השיקום של הנאשם.""",train
מדוע יש חשש שהנאשם יחזור על עבירותיו ומה ההשפעה על מתחם הענישה במקרה זה?,"מאחר והרשעת הנאשם בבימ\ש צבאי אינה רחוקה אלא משנת 2012 ומאחר ואין מדובר בעבירה קלה ואף לא הוטל על הנאשם עונש קל, ניתן לומר כי יש חשש ממשי שהנאשם ישוב ויבצע עבירות וכי יש להגן על הציבור בישראל מפניו, ועל כן עניינו מצדיק חריגה לחומרא ממתחם העונש ההולם.""",train
מהו הנזק הפוטנציאלי שנגרם לחיי אדם ולתחושת הבטחון של הציבור במקרה זה?,"עוד יש להביא בחשבון את טיב הנשק שהנאשם והאחרים ניסו לייצר, מכונית תופת, המהווה הסלמה בנוף הפיגועים הפליליים; וכן את הנזק המסיבי לחיי אדם, לשלום הציבור ולרכושו, ולתחושת הבטחון של הציבור, בין היתר בשים לב לכך שהרכב הוצב ע\י הנאשם בשכונת מגורים, נזק שעלול היה להגרם לולא תפיסת הרכב ע\""י המשטרה.""",train
"מהו האינטרס הציבורי שנשקל בהקשר להרשעת הנאשם, לאור תסקיר שירות המבחן וההצעה להליך טיפולי?","גם לפי תסקיר שירות המבחן, אין מדובר במקרה בו הנזק לנאשם עקב הרשעתו יהיה כה רב, ובלתי סביר, עד שיש בו כדי להביא לויתור על האינטרס הציבורי של מניעת ביצוע עבירות דומות והרתעת הרבים, מה גם, שהנאשם לא השכיל להשתלב בהליך טיפולי שהוצע לו על ידי שירות המבחן.",train
מהו שיקול הרתעת הרבים והיחיד שיש להביא בחשבון במקרה זה?,"בנוסף, יש להביא בחשבון במידה מסוימת את שיקולי הרתעת הרבים והיחיד לאור חומרתן הרבה של העבירות, והצורך בנקיטת יד קשה לשם מיגורן.",train
מהי ההחלטה לגבי גזירת דינו של הנאשם בהתחשב במתחם העונש?,"מאחר ולא הובאו בפניי נסיבות המצדיקות חריגה לקולא או לחומרא ממתחם העונש ההולם, יש לגזור את דינו של הנאשם בתוך המתחם.",train
מהי הסיבה להורות על הפעלת המאסר המותנה באופן מצטבר במקרה זה?,"לגבי המאסר המותנה, אני סבורה כי מאחר והעבירות בוצעו תוך כדי ריצוי מאסרו הקודם, ומיד לאחר שחרורו, הרי שיש מקום להורות על הפעלתו באופן מצטבר.",train
"מהו הסעיף המאפשר חריגה לקולא מהמתחם שנקבע, לפי חוק העונשין?","הסעיף היחיד המאפשר חריגה לקולא מהמתחם שנקבע, הינו סעיף 40ד לחוק העונשין, המתייחס לשיקולי שיקום, היינו אם הנאשם השתקם או שיש סיכוי של ממש שישתקם.",train
מדוע הוחלט להטיל עונש המצוי בשליש התחתון של המתחם?,"במצב דברים זה, ראוי היה להציב את עונשו של הנאשם בסמוך מעל אמצע המתחם, ואולם לאור עמדת המאשימה במסגרת ההסדר, אשר אף הציבה את הנאשם בתחתית המתחם לו עתרה, ולאור סיכויי השיקום, גם אם אינם מובהקים, החלטתי להטיל עונש המצוי בשליש התחתון של המתחם.",train
"מהו השיקול הנוסף לחומרת העבירות במקרה זה, בהתחשב בביצוע שתי עבירות נפרדות בהפרש של שמונה חודשים?","בענייננו, מעבר לחומרת העבירות, ניתן לטעון לחומרא גם את העובדה, שהנאשם ביצע שתי עבירות נפרדות, בהפרש של 8 חודשים זו מזו, כאשר עיכובו לתחנה, חקירתו תחת אזהרה ופתיחת תיק נגדו לא הרתיעו אותו מלשוב ולבצע עבירה דומה.",train
מדוע יש לעודד את הנאשם לעשות שינוי בחייו ולא לגרום לרגרסיה במצבו?,"בית המשפט צריך כחלק מהאינטרס הציבורי גם לעודד אנשים דוגמת הנאשם לעשות שינוי בחייהם, וחלילה לו מלגרום לרגרסיה במצב הנאשם במקרים שאין זה מחוייב המציאות.",train
כיצד השפיעה הודאת הנאשם על ההחלטה לגבי העונש המוטל עליו?,"לאור כל האמור לעיל, אני סבורה כי הכף נוטה לכיוון טיעוני המאשימה, ואולם, לאור הודאת הנאשם בכל תיקיו, מתוך מגמה להשתלב בהליך טיפולי במסגרת המאסר ולאחריו, אתחשב בו במידת מה ולא אטיל עליו את הרף העליון לו טענה המאשימה.",train
מהו השיקול המיוחד המאפשר לבית המשפט לחרוג ממתחם העונש ההולם?,"בתיקון 113 לחוק העונשין ניתן משקל נכבד לשיקולי השיקום, כאשר בסעיף 40 ד'  נקבע כי בית המשפט רשאי לחרוג ממתחם העונש ההולם, אם מצא כי הנאשם השתקם או כי יש סיכוי של ממש שישתקם, גם במקרים בעלי חומרה יתרה, וזאת בנסיבות מיוחדות ויוצאות דופן.",train
מהי הסיבה לכך שהמאסר המותנה שהוטל על הנאשם אינו נחשב למידתי?,"אולם יש ממש בטענת הסנגור, כי המאסר המותנה שהוטל על הנאשם אינו מידתי, שכן מדובר במאסר מותנה ארוך לכל הדעות, הניתן להפעלה גם בגין עבירות קלות יחסית כגון היזק במזיד לרכוש, הפרעה לשוטר בעת מילוי תפקידו או איומים.",train
מדוע הוחלט להטיל קנס מתון על הנאשם למרות העבירות שביצע?,"לאור מצבו הכלכלי של הנאשם, אטיל עליו קנס מתון בלבד  ,למרות שהעבירות שביצע, מצדיקות קנס גבוה.",train
כיצד מצבה של אחותו של הנאשם שונה ממצבו שלו בהקשר של טיפול גמילה?,"מצבה של אחותו, אשר ניגשה לטיפול גמילה מרצונה, ללא הליך משפטי שאיים עליה, אינו דומה למצבו של הנאשם, ובית המשפט מצר על כך שהוא לא השכיל להבין את היתרונות האמיתיים של השתלבות בהליך גמילה.",train
כיצד השפיע עברו הפלילי של הנאשם על ההחלטה בעניינו?,"בהקשר זה יש לשקול לחומרא את עברו הפלילי המכביד של הנאשם, והעובדה שלא למד את הלקח, ושב לביצוע עבירות אלימות, על אף ענישה סלחנית מאד שננקטה עמו לאורך השנים, ואת שיקולי הרתעת הרבים והיחיד.",train
מדוע נקבע כי קיימות נסיבות מיוחדות המאפשרות להימנע מהטלת עונש מאסר בפועל על הנאשם?,"מנגד, לאור נסיבותיו האישיות של הנאשם, והתרשמות שירות המבחן, ולאור העובדה שהנאשם עובד כיום במקום עבודה מסודר, מצאתי כי התקיימו נסיבות מיוחדות לסטות מההלכה הפסוקה, ולהמנע מהטלת עונש מאסר בפועל.",train
מהי הסיבה המרכזית שהביאה את השופטת להחליט לכבד את הסדר הטיעון בעניינו של הנאשם?,"התלבטתי בעניינו של הנאשם, האם לכבד את הסדר הטיעון, אולם, לאור הסבר הצדדים, בדבר קיומן של בעיות ראייתיות משמעותיות, לאור הלכת פלוני, ולאור חלוף הזמן הרב מיום ביצוע העבירות וההוכחה כי במבחן המעשה, הנאשם חדל מביצוע עבירות, החלטתי , לא בלי התלבטות, לכבד את הסדר הטיעון.",train
באילו מקרים ניתן לוותר על הרשעה בעבירות מסוימות?,"שנית, סוג העבירה מאפשר לוותר בנסיבות המקרה המסוים על ההרשעה מבלי לפגוע באופן מהותי בשיקולי הענישה האחרים המפורטים לעיל.",train
מהו השיקול המרכזי בהערכת החומרה של העבירות שביצע הנאשם?,"בנוסף יש לשקול את החבלות הקלות יחסית שנגרמו למתלונן, שהתבטאו בהמטומות בגב ובפצע שטחי קטן בלסת (אשר במקרים רבים אחרים מוגדר כחבלה של ממש), ומנגד יש לשקול את העובדה שהנאשם הוא זה שהכניס את המתלונן בכוח לדירה, הכה אותו באמצעות חפץ חד ובאמצעות מקל מטאטא ואף איים עליו באיומים חמורים.",train
מהן הנסיבות המקלות שיש לשקול לזכות את הנאשם בעונש?,"יחד עם זאת, יש לשקול לזכות הנאשם את הודאתו, וחסכון עדויות המתלוננים, את הבעת החרטה ולקיחת האחריות על ידו על מצבו, את העובדה שבאירוע נשוא התיק העיקרי גם הוא הותקף ע\י המתלונן, ואף נחבל קשה מהמתלונן, ואת העובדה שזהו מאסרו הראשון.""",train
מה השפעת חלקה הקטן של הנאשמת 2 על החלטת בית המשפט?,"לאחר שהבאתי בחשבון את חלקה הקטן של הנאשמת 2 באירוע, אשר הודתה והורשעה מכח דיני השותפות, הנסיבות החריגות שהביאו לביצוע העבירה, בהן נגררה אחרי אמה, עימה הזדהתה כל חייה, וגילתה את בגידתו של אביה באמה ובכל בני משפחתה, לאור גילה הצעיר מאד, העובדה שנאבקה כל חייה לקיים אורח חיים נורמטיבי, ואף רכשה מקצוע, בו סביר כי לא תוכל לעבוד בעתיד אם תורשע בדין, החלטתי לתת משקל בכורה לשיקולי השיקום שלה.",train
מהי החשיבות של הפקדת הרישיון במועד בהקשר לעבירה של נהיגה בזמן פסילה?,מוסברת לנאשם חשיבות הפקדת הרשיון במועד וחומרת העבירה של נהיגה בזמן פסילה.,train
כיצד משפיעה העובדה שהנאשמת לא ביצעה עבירות נוספות מאז העבירה על ההליך הטיפולי שלה?,"כמו כן, העובדה שמאז העבירה של הפרת הוראה חוקית, הנאשמת לא ביצעה עבירות נוספות, ובהקשר זה, חלוף הזמן, יכול לשמש עדות לכך, שההליך הטיפולי, בו החלה הנאשמת בשנת 2009, הוא הליך טיפולי ממשי, שכן מזה למעלה משנתיים שהנאשמת מוסרת בדיקות שתן נקיות , עובדת למחייתה כאדם נורמטיבי, ניתקה קשרים עם גורמים עברינים ועל כן, נראה לי, כי זהו המקרה שבו על בית המשפט לסייע לנאשמת שלא לחזור לחיים העבריינים.",train
מהי ההמלצה לגבי הטלת קנסות כבדים תוך התחשבות בנסיבות האישיות של הנאשמים?,"לפיכך, ובשים לב להיקף הגזילה מהקופה הציבורית יש מקום להטיל קנסות כבדים, אם כי, כאלו שיביאו בחשבון גם את נסיבותיהם האישיות של הנאשמים ואת מצבם הכלכלי הרעוע.",train
"אילו שיקולים נלקחו בחשבון בעת קביעת העונש לנאשם, ומהם השיקולים לקולא?","לאור כל האמור לעיל, שקלתי לחומרא את חומרת העבירות, עברו הפלילי והתעבורתי של הנאשם, העובדה שביצע את העבירות זמן קצר לאחר שחרורו מהכלא, והעובדה שלא לקח אחריות על העבירות שביצע; מנגד, שקלתי לקולא את נסיבותיו האישיות של הנאשם, כפי שעלו מעדותו של אביו ומנ/2, את הסדר הטיעון המקל מאד אליו הגיעה המאשימה עם הנאשם 2 בנוגע לאישום הראשון, למרות שחלקו בעבירה היה גדול יותר מחלקו של הנאשם, את העובדה שנסיבות ביצוע העבירה נשוא האישום הראשון אינן מצויות ברף העליון של חומרת העבירה של סחיטה באיומים, ואת העובדה שהנאשם הודה באישום השני, ואף שניהל הוכחות, עשה זאת בעיקר בנוגע לטענות משפטיות, ובצורה עניינית.",train
מהו המתחם ההולם לעונש בגין החזקת סם שלא לצריכה עצמית כאשר הכמות היא סביב גרם של הרואין?,"נראה לי כי כאשר מדובר בכמות הנעה סביב גרם של הרואין (ובענייננו כמות שהיא כפי 5 מהכמות הקבועה בחוק כמקימה את החזקה), אשר יכולה להתיישב עם סם המוחזק לצריכה עצמית וכחלק מ\אחוות נרקומנים\"", ניתן לקבוע כי המדובר ברף הנמוך של העבירות של החזקת סם שלא לצריכה עצמית, וכי מתחם העונש ההולם בגינן נע בין 5 חודשי מאסר בפועל לבין 15 חודשי מאסר בפועל.""",train
מהי עמדת השופט ליבדרו לגבי שיקול הדעת של בית המשפט בחריגה מהמתחם?,"ב\כ הנאשם 2 הפנה לפסק דינו של כבוד השופט ליבדרו בת\""פ (שלום ב\""ש) 58005-11-12 מ\""י נ. שלאלפה ואח', [פורסם בנבו] אשר קבע כי לדעתו המחוקק לא ביקש לשלול מבית המשפט את שיקול הדעת לחרוג ממתחם הענישה לקולא שלא מטעמי שיקום, וכי ניתן לעשות כן גם מטעמים אנושיים, או בשל מצב רפואי ייחודי של הנאשם.""",train
מהו האינטרס הציבורי שעמד מול עניינה של הנאשמת במקרה זה?,"בנסיבות אלו, אין ספק כי האינטרס הציבורי העומד אל מול עניינה של הנאשמת הוא אינטרס רם וחשוב.",train
"מהו השיקול המרכזי בהערכת חומרת העבירות שביצע הנאשם, בהתחשב בחבלות שנגרמו למתלונן?","בנוסף יש לשקול את החבלות הקלות יחסית שנגרמו למתלונן, שהתבטאו בהמטומות בגב ובפצע שטחי קטן בלסת (אשר במקרים רבים אחרים מוגדר כחבלה של ממש), ומנגד יש לשקול את העובדה שהנאשם הוא זה שהכניס את המתלונן בכוח לדירה, הכה אותו באמצעות חפץ חד ובאמצעות מקל מטאטא ואף איים עליו באיומים חמורים.",train
מדוע הוחלט לאפשר לנאשם לפתוח דף נקי למרות חומרת העבירה?,"מאחר ומדובר בנאשם אשר הצליח לנהל אורח חיים נורמטיבי למרות הקשיים בהם נתקל בילדותו ולמרות חומרת העבירה, החלטתי, כי לפנים משורת הדין, לאפשר לנאשם לפתוח דף נקי, וזאת בין היתר, בהתחשב בהשפעה החיובית שיש לאורח החיים החרדי על חייו.",train
מדוע מצווה בית המשפט להטיל עונשים חמורים על נהיגה בזמן פסילה?,"לפיכך, מצווה בית המשפט, בדרך כלל, להטיל עונשים חמורים על מי שהורשע בעבירה זו, ובין היתר עונשי מאסר בפועל, גם אם לא תלוי ועומד נגד הנאשם מאסר על תנאי.",train
מהו השיקול לקולא שנלקח בחשבון לגבי העבירות שביצע הנאשם?,"בענייננו, יש לשקול לקולא את העובדה שהעבירות אינן מצויות ברף עליון של חומרה, שהליטוף באזור איבר המין היה קצר, תוך מעבר לאזורים אחרים בגופה של הקטינה, את עברו הנקי של הנאשם, והפגיעה בפרנסתו עקב המעצר בתיק זה.",train
מדוע עונש של מאסר בעבודות שירות עלול לגרום לנאשם לנסיגה קשה?,"נוכח הנסיבות האישיות הקשות והעובדה שהנאשם הצליח להרים את עצמו ממקום קשה מאוד שבו שהה, כמעט בכוחות עצמו, נראה לי כי עונש של מאסר בעבודות שירות יגרום לו לנסיגה קשה, לחוסר אפשרות לתעסוקה ויפגע בו פגיעה העולה על הנדרש.",train
מהי ההחלטה החריגה של בית המשפט בנוגע לעונש הנאשם בעקבות נסיבותיו האישיות?,"לאור נסיבותיו האישיות של הנאשם, החלטתי , באופן חריג, לקבל את המלצת שירות המבחן ולא להטיל על הנאשם מאסר בפועל, ואולם, אגדיל את מס' שעות השלצ שהומלצו , ויובהר לנאשם, כי אם לא יעמוד בהליך הטיפולי או חלילה יסתבך בעבירה נוספת, בית המשפט יפקיע את צווי המבחן והשלצ ויטיל עליו עונש ממשי של מאסר בפועל.",train
"מהי הסכנה בהקלה בענישה על עברייני מס, כפי שנאמר בפסיקה?","הקלה בעניינו... עשויה היא, חלילה, לעודד עבריינים פוטנציאלים ליטול סיכונים, לאור גודל הסכומים הכספיים המעורבים.",train
מהו המצב המשפטי שנמצא במקרה זה אשר מצדיק החמרה בעונש הנאשם?,"בענייננו, אין נסיבות חריגות לקולא ולהיפך, כפי שצוין, יש נסיבות לחומרה.",train
כיצד השפיע ההליך הטיפולי הממושך על הנאשם בהשוואה לגזר דינו הקודם?,"בשונה מגזר דינו הקודם, הפעם עבר הנאשם הליך טיפולי ממושך, עם כל העליות והמורדות המאפיינים הליך גמילה מסמים, לאור התרשמות אנשי המקצוע היא כי חל שינוי ממשי באורחות חייו, בדפוסי חשיבתו והתנהגותו ובלקיחת האחריות על מצבו, לאור חלוף הזמן מיום ביצוע העבירות, והעובדה שהנאשם לא ביצע עבירות נוספות, הגעתי למסקנה כי יש מקום ליתן לנאשם הזדמנות נוספת ואחרונה להוכיח כי שינה את דרכיו ועלה על דרך הישר, ובכך לחרוג ממדיניות הענישה הנוהגת.",train
מהו העיקרון המשפטי המנחה את גזירת הדין של הנאשם בהתאם לנתונים המצוינים בסעיף 40 יא לחוק העונשין?,"אם כך, יש לגזור את דינו של הנאשם בתוך המתחם האמור, לאור הנתונים המנויים בסעיף 40 יא לחוק העונשין.",train
מהו השיקול שהוביל להפעיל את סעיף 40 ד' לחוק העונשין במקרה זה?,"בענייננו, לאור נסיבותיו האישיות של הנאשם ולאור ההליך הממושך, גם אם איטי, של הטיפול בנאשם, אני סבורה כי יש מקום להפעיל את סעיף 40 ד' לחוק העונשין המאפשר בנסיבות חריגות לחרוג לקולא ממתחם העונש ההולם, וזאת אם הנאשם השתקם או שיש סיכוי של ממש שישתקם.",train
כיצד משפיע עברו הפלילי של הנאשם על העונש בגין העבירות בתיק העיקרי?,"אשר לעבירות נשוא התיק העיקרי, יש להתחשב בעובדה שעברו הפלילי של הנאשם אינו מכביד, ואינו כולל עבירות רכוש או אלימות חמורות, הגם שביצע את העבירות בעוד תלוי ועומד נגדו מאסר מותנה שהוטל כשלושה חודשים בלבד טרם ביצוע העבירות.",train
מהו השיקול המוביל להימנע מהרשעה במקרה של שיקום הנאשם?,"אי הרשעה תבוא במקום בו בית המשפט ישוכנע כי שיקולי השיקום של הנאשם המסויים שלפניו, גוברים על האינטרס הציבורי הנובע מחומרת העבירה והאפקט הציבורי של ההרשעה.",train
מהו מתחם העונש ההולם לתיק העיקרי לאור נסיבות ביצוע העבירות?,"לאור האמור לעיל, ולאור נסיבות ביצוע העבירות נשוא התיק העיקרי, נראה לי כי מתחם העונש ההולם לתיק זה, נע בין 7 ל- 18 חודשי מאסר בפועל, וענישה נלווית הכוללת בין היתר פיצוי הולם.",train
מהו העיקרון המנחה את בית המשפט בעת קביעת העונש לנאשם?,"אכן, ענישתו של נאשם היא אינדווידואלית, ובית-המשפט בוחן עניינו של כל נאשם ונאשם ואינו קובע את עונשו אך על-פי מהות העבירה.",train
מה היו הנסיבות שהשפיעו על ההחלטה לקבל את המלצת שירות המבחן?,"לאור כל האמור לעיל, לאור הזמן הארוך שחלף מעת ביצוע העבירות, לאור גילו הצעיר של הנאשם  ועל אף עברו של הנאשם, החלטתי לקבל את המלצת שירות המבחן.",train
מהו השיקול המרכזי בהרתעת הציבור בעבירות אלימות?,"ואולם, מהותה של העבירה, הצורך בהרתעת הרבים, ובעבירות שקורבנן אינו הפרט אלא הציבור כולו אף הוקעת מעשי העבירה - בצירוף מדיניות ענישה אחידה ככל האפשר על -יסוד שיקולים אלה - כל אלה משמשים כגורמים העלולים לגבור אף על שיקומו של הנאשם.",train
מהו הדגש המרכזי בפסקי הדין בעבירות זיוף ומרמה לפי בתי המשפט?,"מרבית פסקי הדין של בתי המשפט המחוזיים והעליון בעבירות של זיוף ומרמה, נותנים את הדגש על האינטרס הציבורי ומעדיפים אותו על נסיבותיו האישיות של הנאשם.",train
מהן הנסיבות שהובילו להתחשבות לקולא במקרה של הנאשם?,"מנגד יש להתחשב לקולא בנסיון הטיפולי הממושך שעבר הנאשם, בתקופות המעצר הארוכות שריצה, במעצר הבית הממושך בו שהה בתיק העיקרי, ללא הפרות של הצו, בכמות הסם בתיק העיקרי שאינה עצומה, בהודאתו תוך חסכון משמעותי בזמן שיפוטי , וייתור העדת עדי תביעה רבים, בטענות הצדדים בדבר קשיים ראייתיים וכן בעובדה שאחד המאסרים המותנים התלויים ועומדים נגדו הינו ארוך יחסית לכמות הסם שנתפס ברשותו בתיק העיקרי.",train
כיצד משפיעה חומרת העבירה על מסר הציבור בנוגע לעבירה?,"אמנם, חומרת העבירה ומידת פגיעתה באדם אחר, הינה שיקול ממשי בשקילת שאלת ההרשעה, ובכלל זה נתון גם החשש שמא המסר שיעבור לציבור הוא כי העבירה היא נסלחת.",train
כיצד מתבטאת עליית המדרגה במקרה זה בנוגע לנסיון לייצר מכונית תופת?,"בענייננו, מדובר בעליית מדרגה של ממש, שכן מדובר למעשה בנסיון לייצר מכונית תופת, תוך שימוש ברכיבים מעצימי פגיעה, כגון ברגים, אומים ומיכלי גז, כאשר עד כה השימוש בנשק קטלני ומתועב זה, הטומן בחובו פוטנציאל פגיעה הרסני בהיקף גדול לחיי אדם ולרכוש, היה מוכר רק מפיגועים על רקע לאומני.",train
מדוע לא ניתן לקבוע פגיעה קונקרטית בעתידה של הנאשמת הצעירה?,"נכון הוא, שבשלב זה, אין כל פגיעה קונקרטית עליה ניתן  להצביע בעתידה של הנאשמת, אולם, מאחר ומדובר בנאשמת צעירה מאד , אשר בעת ביצוע העבירה הייתה פחות מגיל 20, הרי שלא ניתן לדעת מה יהיו ההשלכות על עתידה, אם תורשע היום בדין.",train
מדוע אין פגיעה באינטרס הציבורי כאשר הכף נוטה לפן השיקומי?,"באותם מקרים מיוחדים בהם הכף נוטה לכיוון הפן השיקומי, אין בכך כדי לפגוע דווקא באינטרס הציבורי, שכן האינטרס של שיקום עבריינים והחזרתם למוטב, הוא אינטרס ציבורי רם מעלה, וכאשר מדובר בהליך שיקומי מוצלח, ברור כי תהיה בו תועלת רבה יותר לאינטרס הציבורי מאשר כליאה מאחורי סורג ובריח, שעשויה להחזיר את הנאשם לחיק החיים העבריינים.",train
מהו הדגש המרכזי בפסקי הדין של בתי המשפט בעבירות זיוף ומרמה?,"מרבית פסקי הדין של בתי המשפט המחוזיים והעליון בעבירות של זיוף ומרמה, נותנים את הדגש על האינטרס הציבורי ומעדיפים אותו על נסיבותיו האישיות של הנאשם.",train
כיצד תתחשב בנסיבות האישיות של הנאשם בעת הטלת קנס או פסילה?,"ולאור העובדה שלא הוטל על הנאשם עונש מאסר, אינני סבורה כי יש מקום להימנעות מהטלת קנס, או הטלת פסילה קצרה בלבד, אולם גם ברכיבים אלו, אתחשב בנסיבותיו האישיות של הנאשם.",train
מהו הדגש שיש לתת בפסיקה ביחס לאינטרס הציבורי לעומת הנסיבות האישיות של הנאשם?,"יחד עם זאת, ניתן ללמוד מהפסיקה כי יש מקום לתת דגש לאינטרס הציבורי, ולתת משקל קטן יחסית לנסיבותיו האישיות של הנאשם.",train
מהו השיקול המרכזי להטלת עונש מאסר בפועל על הנאשם במקרה זה?,"במצב דברים זה, יש מקום להטיל על נאשם עונש מאסר בפועל, אשר ירתיעו מלעבור עבירות דומות ואשר ידרבן אותו לערוך שינוי בחייו , שכן כאמור, הנאשם לא השכיל לקחת את ההזדמנויות שניתנו לו ולטפל בעצמו.",train
מדוע יש לפצות את המתלוננת בגין הנזק הנפשי שנגרם לה?,"אני סבורה כי גם אם המתלוננת פוצתה בגין נזקי הרכוש, הרי שנגרם לה נזק נפשי כלשהו כתוצאה מתקיפתה, ויש לפצותה בגינו.",train
מהו ההסבר לכך שהתביעה נמנעה מעתירה לקנס במקרה של הנאשם?,מדובר בעבירה שבדרך כלל מוטלים בגינה עונשים מותנים וקנסות משמעותיים ואולם בענייננו הנאשם פיצה שתיים מהחברות בסכומים משמעותיים ולכן גם התביעה נמנעה מעתירה לקנס.,train
מהו המצב הרפואי הנוכחי של הנאשם וכיצד הוא משפיע על כושרו לביצוע עבודות שירות?,"אמנם, מצבו הרפואי של הנאשם מצוי כיום ברמיסיה, והשחפת ממנה הוא סובל כבר אינה מידבקת, ועל כן בסופו של דבר הוא נמצא כשיר לביצוע עבודות שירות, ואולם, אין להתעלם מן העובדה כי כתוצאה ממחלתו, הנאשם העומד בפניי כיום אינו אותו אדם כוחני ויהיר שעמד בפניי במהלך ניהול ההוכחות לפני כשנה וחצי.",train
מהי ההלכה הפסוקה בנוגע לביטול הרשעה כאשר הוכח ביצוע עבירה?,"אשר לסוגיית ביטול ההרשעה, לפי ההלכה הפסוקה (אשר לא שונתה בעקבות תיקון 113 לחוק), משהוכח ביצועה של עבירה יש להרשיע את הנאשם, וסיום ההליך המשפטי ללא הרשעה ייעשה רק במקרים חריגים, בהם היחס שבין חומרת העבירה לבין הנזק הצפוי לנאשם מן ההרשעה, אינו סביר.",train
אילו שיקולים מנחים את שירות המבחן בהמלצות לעונש ללא הרשעה?,"כבוד השופט לוין מנה בפסק הדין את שיקולי השיקום, המנחים בדרך כלל את שירות המבחן להמליץ על עונשים ללא הרשעה, וקבע כי הם מקובלים עליו.",train
מהו המצב המשפטי של הנאשם בהקשר לנהיגה לאחר פסילה?,"צודקת ב\כ המאשימה כי יש לראות את הנאשם כמי שאינו מורשה לנהיגה, וכאדם שנהיגתו מסכנת את הציבור בכללותו.""",train
כיצד יש לבחון כל מקרה לגופו לפי עקרונות הענישה?,"על בית המשפט לבחון כל מקרה לגופו, לאור חומרת העבירה, נסיבותיה, ונסיבות העבריין, כשבכל מקרה ומקרה, עשויה נקודת האיזון לנוע לטובת העדפת שיקולי ענישה אחרים.",train
מהן הנסיבות שנקבעו כחריגות ולא מקלות במקרה של הנאשמות?,"בענייננו, כאמור, לדעתי הנסיבות העולות מכתב האישום המתוקן, הן חמורות מאד, ולא ניתן לראותן כנסיבות מקלות מיוחדות.",train
"מהי המשמעות של הטלת עונשי מאסר על מעלימי מס, כפי שנקבע בע\פ 624/80?""","בהקשר זה נקבע בע\פ 624/80 חברת וייס ארנסט בע\""מ ואח' נ' מדינת ישראל, פד לה(3), 211: \""בהטלת עונשי מאסר אלה מביעה החברה המאורגנת את סלידתה מהתנהגותם העבריינית של מעלימי המס, ומטביעה עליהם אות של קלון.""",train
מה השפעת הרישום הפלילי הקודם של הנאשם על ההחלטה האם לאמץ את המלצת שירות המבחן?,"לאור הרישום הפלילי הקודם של הנאשם, ומאחר ואין מדובר במעידה חד פעמית, ואף עולה מדברי הנאשם דפוס של התנהגות במסגרתה הוא נגרר אחרי חברה שלילית, אינו מצליח לעמוד בפני חבריו, או לשים להם גבולות, התלבטתי מאד האם ניתן וראוי לאמץ את המלצת שירות המבחן.",train
מהן הנסיבות המקלות שיש לקחת בחשבון בעת גזירת דינו של הנאשם?,"לקולא יש להתחשב בהודאתו המיידית של הנאשם בשני התיקים, חסכון בזמן שיפוטי לרבות עדות המתלונן, בעובדה שמדובר במי שהיה משוקם תקופה ארוכה, במצבו הרפואי הלא פשוט של הנאשם, כפי שעולה מהמסמכים הרפואיים שנשלחו משב\ס, ובעובדה שמשפחתו התגייסה כדי לסייע לו לאחר שחרורו.""",train
מהי ההחלטה שהתקבלה לגבי הפעלת המאסרים המותנים בתיקים קודמים של הנאשם?,"אשר לעונשי המאסר המותנה, ועל אף שמדובר בענישה שניתנה בתיקים קודמים, ואשר בהעדר נסיבות מיוחדות, בית המשפט מצווה להפעילם במצטבר, עתרה ב\כ המאשימה בהגינותה להפעילם בחופף זה לזה, לאור הנסיבות שפירטה, הקשורות למאסר המותנה בתיק של בית המשפט לנוער, ואין לי אלא לאמץ את טיעוניה בהקשר זה.""",train
מדוע לא התקבלו שיקולי השיקום כחריגים במקרה של הנאשם?,"לאור האמור לעיל, אינני סבורה כי בעניינו של הנאשם מתקיימים אותם שיקולי שיקום חריגים המצדיקים חריגה כה משמעותית ממתחם העונש ההולם.",train
מהו השיקול שהוביל לאפשר לנאשמת להמשיך בהליך הטיפולי למרות התנהלותה הרעה?,"בענייננו, ולאחר התלבטות רבה, שכן התמשכות ההליכים וחלוף הזמן הרב נגרמו אך ורק כתוצאה מהתנהגות הנאשמת, ולכן, אין לתת להם משקל רב, נראה לי, כי למרות התנהלותה הרעה של הנאשמת, יש מקום לאפשר לה להמשיך בהליך הטיפולי בו השתלבה.",train
מה התרשם שירות המבחן לגבי נסיבותיה האישיות של הנאשמת והשפעתן על ביצוע העבירה?,"זאת ועוד, מדובר בנאשמת בעלת נסיבות אישיות לא קלות, אשר שירות המבחן התרשם כי ביצעה את העבירה על רקע מצבה הנפשי והאישי הקשים בעת ביצוע העבירה, ולא מתוך דפוסי מרמה באישיותה, כך שהסיכוי שהנאשמת תשוב ותבצע עבירות נוספות הוא קטן.",train
מהי עמדתך לגבי הצורך בעונש מאסר עבור העבירות שביצע הנאשם?,"ייצויין, כי לגישתי, כל אחת מהעבירות שביצע הנאשם בתיק זה מצדיקה עונש מאסר, ולו קצר, גם לולא היה תלוי ועומד נגדו מאסר מותנה.",train
מהן הנסיבות שהובילו להתחשבות לקולא בנוגע לעונש הנאשם?,"מנגד יש להתחשב לקולא בנסיון הטיפולי הממושך שעבר הנאשם, בתקופות המעצר הארוכות שריצה, במעצר הבית הממושך בו שהה בתיק העיקרי, ללא הפרות של הצו, בכמות הסם בתיק העיקרי שאינה עצומה, בהודאתו תוך חסכון משמעותי בזמן שיפוטי , וייתור העדת עדי תביעה רבים, בטענות הצדדים בדבר קשיים ראייתיים וכן בעובדה שאחד המאסרים המותנים התלויים ועומדים נגדו הינו ארוך יחסית לכמות הסם שנתפס ברשותו בתיק העיקרי.",train
מהו המצב האישי של הנאשמת והשפעתו על הסיכוי לביצוע עבירות נוספות?,"מדובר בנאשמת בעלת נסיבות אישיות לא קלות, אשר שירות המבחן התרשם כי ביצעה את העבירה על רקע מצבה הנפשי והאישי הקשים בעת ביצוע העבירה, ולא מתוך דפוסי מרמה באישיותה, כך שהסיכוי שהנאשמת תשוב ותבצע עבירות נוספות הוא קטן.",train
"מהי ההחלטה הסופית שנעשתה לגבי עונשו של הנאשם, לאור האיזון בין נסיבותיו האישיות לחומרת העבירה?","לאור כל האמור לעיל, ובאיזון שבין נסיבותיו האישיות של הנאשם, וחומרת העבירה, החלטתי להרשיע את הנאשם בעבירות בהן הודה בשני התיקים, אך החלטתי גם, כי יש מקום להימנע מהטלת עונש מאסר, לרבות בעבודות שירות על הנאשם, ובמקומו ניתן להסתפק בשל\צ.""",train
מדוע לא הוטל על הנאשם עונש קרוב לעונש המירבי בגין העבירה שביצע?,נראה לי כי לא יהיה זה צודק להטיל על הנאשם עונש הקרוב לעונש המירבי הקבוע בחוק בגין עבירה שהוא ביצע בנסיבות מקלות יחסית.,train
מהי השפעת המאסר על הנאשם ועל ילדיו?,"עוד יש להביא בחשבון את השפעת המאסר על הנאשם ועל ילדיו, לאור העובדה שמדובר בעונש המאסר המשמעותי הראשון אותו אמור הנאשם לרצות, וכן את הנזק שנגרם לנאשם עקב מעורבותו בעבירה, כשלטענתו הוא התגרש מאשתו עקב ניהול התיק.",train
"מהו מתחם העונש ההולם שנקבע לעבירות המכס והמע\מ במקרה זה?""","לאור כל האמור לעיל, לאור היקף, חומרת וריבוי העבירות, כאשר עבירות המכס בוצעו בפרק זמן של כשנה, חזרו ונשנו 14 פעמים, תוך התחמקות מתשלום מסי יבוא בסך של כ- 2.3 מיליון ₪, ועבירות המע\מ בוצעו במשך ארבע שנות מס, תוך התחמקות מתשלום מס בסך של כ- 850,000 ₪, לאור מידת האשם הגבוהה של הנאשמים, אשר ניהלו את הנאשמת 1, ופעלו באופן שיטתי, מתוחכם ומתוכנן היטב, תוך מתן הצהרות כוזבות לרשויות המס, על מנת להונות את אוצר המדינה, וגרמו לו לנזק כלכלי ניכר, לאור רמת הפגיעה בערכים המוגנים שתוארו לעיל, ולאור מדיניות הענישה שפורטה לעיל, אני סבורה כי מתחם העונש ההולם למכלול העבירות בהן הורשעו הנאשמים, נע בין 12 ל- 36 חודשי מאסר בפועל, וכן לקנסות מוחשיים.""",train
"מדוע יש למצות את הדין עם עברייני מס חמורים, לפי פסיקות בית המשפט העליון?","בהקשר זה נקבע למשל בע\פ 2636/12 עזבון המנוח יהושע שלוש ז\""ל ואח' נ' מדינת ישראל [פורסם בנבו] (5.3.13): בהתאם לכך, לאור קלות הביצוע של העבירות והקושי בגילוין, ולאור הצורך בעיגון האיסור הפלילי בעבירות מס והצורך בהרתעה, קבע בית המשפט העליון לא אחת, כי בעבירות מס חמורות יש למצות את הדין עם העבריינים, בדרך של הטלת עונש מאסר בפועל המלווה בקנס כספי משמעותי, כי ככלל, אין מקום להסתפק בגין עבירות אלו בהשתת עונש מאסר לריצוי בעבודות שירות, וכי בעת גזירת דינם של עברייני המס, יגברו שיקולי ההרתעה על נסיבותיהם האישיות של הנאשמים או מצוקתם הכלכלית, להם יינתן משקל נמוך (ראו למשל ע\""פ 6474/03 מלכה ואח' נ' מדינת ישראל, פ\""ד נח(3) 721; רע\""פ 10699/07 קובן נ' מדינת ישראל [פורסם בנבו] (20.1.08); רע\""פ 4791/08 כהן נ' מדינת ישראל [פורסם בנבו] (9.2.09); רע\""פ 9742/11 רייך ואח' נ' מדינת ישראל [פורסם בנבו] (20.2.12) (להלן- עניין רייך); רע\""פ 977/13 אודיז נ' מדינת ישראל [פורסם בנבו] (20.2.13) (להלן- עניין אודיז).""",train
אילו שיקולים יש להביא בחשבון לחומרא בעת גזירת הדין של הנאשם?,"בבואי לגזור את דינו של הנאשם בתוך מתחמי הענישה האמורים, יש להביא בחשבון לחומרא את עברו המכביד של הנאשם, אם כי מדובר בעבר ישן, את העובדה שהוא מכור לסמים ושלא השכיל לנצל את ההזדמנות שניתנה לו להיגמל מסמים במסגרת התיק המצורף, ואת העובדה שביצע את העבירה בתיק העיקרי, בעת שהוא ממתין לגזר דינו בתיק המצורף.",train
מדוע לא התקבלה הטענה כי מדובר במקרה קל ערך?,"עם זאת, אינני יכולה לקבל את הטענה כי מדובר במקרה קל ערך, בעיקר מבחינת ההשלכה העתידית שיכולה להיות לו על נפשה ועל חייה של הקטינה בעתיד.",train
מהי ההשפעה של שיקולי השיקום על העונש שיוטל על הנאשם 2?,"אשר לנאשם 2, מצאתי כי לאור העובדה שבעניינו הוצגו שיקולי שיקום מסוימים, ניתן להפחית במידת מה, אם כי לא באופן משמעותי, מהעונש שיוטל עליו.",train
מהן ההשלכות האפשריות אם הנאשם לא ישתף פעולה עם ההליך הטיפולי?,"ברור, כי אם הנאשם ימעד או לא ישתף פעולה בהליך הטיפולי, ניתן יהיה לגזור דינו  מחדש ואף להפעיל את המאסר המותנה, אולם, אם בית המשפט ינקוט בדרך של ענישה כבר עתה, אין ספק כי הדבר יוריד לטמיון את הסיכוי  לשיקומו של הנאשם.",train
מהו הפיצוי המומלץ לנפגעי העבירות במקרה שבו הרכוש הושב לבעליו?,"נראה לי, כי יש מקום , בנוסף להמלצות שירות המבחן, להטיל על הנאשמת פיצוי מסוים לנפגעי העבירות, כאשר מעיון בתיק המשטרה עולה, כי הרכוש נשוא האישומים 1 עד 3, הושב לבעלים ועל כן, לגביהם מדובר בפיצוי סמלי.",train
מדוע לא התקבל העונש המומלץ בתסקירים כמתאים למקרה הנוכחי?,"יחד עם זאת, אני סבורה כי בהתחשב בתסקירים אשר אינם מעידים על הפנמה וטיפול ממשי, הרי שהעונש המומלץ בהם חריג לקולא, ואינו מתאים למקרה שבפנינו.",train
מהי עמדת המחוקק לגבי השפעת נסיבות אישיות ומשפחתיות על קביעת מתחם העונש?,"בהצעת החוק צויין כי נסיבות אישיות ומשפחתיות של הנאשם הינן חלק מהנסיבות המקלות שאינן קשורות בביצוע העבירה (היינו, כאלו שאינן משפיעות על קביעת מתחם העונש הראוי) ובדברי ההסבר נכתב בהקשר זה \מוצע לקבוע כי נסיבות אישיות ומשפחתיות של הנאשם יהוו נסיבה לקולה.""",train
כיצד הוסברה לנאשם החשיבות של הפקדת הרישיון במועד?,מוסברת לנאשם חשיבות הפקדת הרשיון במועד וחומרת העבירה של נהיגה בזמן פסילה.,train
כיצד השפיעו ההליך הטיפולי והקשר התקין עם המתלוננת על ההמלצה בעניינו של הנאשם?,"כאמור הנאשם שולב בהליך טיפולי בו הוא מצוי עד היום, לקח אחריות מלאה על מעשיו, התגרש מהמתלוננת ומצוי עמה בקשר תקין (יצוין כי הסדר הטיעון נעשה על דעת המתלוננת שנכחה באולם) ושירות המבחן התרשם כי מדובר באירוע חריג ובאדם שרמת הסיכון שלו להישנות מקרים נוספים הינה נמוכה.",train
מהן הנסיבות שהובילו להקל על הנאשם במסגרת הסדר הטיעון?,"לאור נימוקי ההסדר שהוצגו על ידי הצדדים,לאור גילו המתקדם של הנאשם, הודאתו שחסכה את עדות המתלוננת והעובדה שהנאשם שכל את אשתו בעת מעצרו, ולמרות שכפי שאמרתי, הסדר הטיעון מקל מאד עם הנאשם, אתחשב במידה מסוימת בנאשם, ואקל עליו במידת מה, מהרף העליון אליו עתרה המאשימה.",train
מהו השיקול המרכזי שהוביל את בית המשפט להחליט שלא להימנע מהרשעת הנאשם?,"בנסיבות אלו, ולמרות שמדובר באדם ללא עבר פלילי, הרי שלאור חומרת העבירה ותסקירי שירות המבחן, לא מצאתי כי מדובר במקרה חריג, המצדיק הימנעות מהרשעה.",train
אילו שיקולים לקולא עומדים לזכות הנאשם במקרה זה?,"מנגד, עומדים לזכות הנאשם גם שיקולים לקולא, וזאת בגין נסיבותיו האישיות הקשות, העובדה שהחל בתהליך ממשי של הפנמת חומרת העבירות, ככל הנראה עקב מעצרו והתנאים המגבילים בהם הושם לתקופה משמעותית, והתרשמותי כי הפעם, לא נאמרו הדברים מן הפה אל החוץ.",train
מהי הסיבה שהובילה את בית המשפט לעודד את הנאשם להימנע משתייה מופרזת?,"בענייננו, מדובר בבחור צעיר, אשר פעל כפי שפעל, בהיותו שיכור ועל בית המשפט לעודדו להתמיד בניקיון מאלכוהול, נסיבה אשר תועיל לאינטרס הציבורי , אפילו יותר ממאסרו בפועל.",train
מהו האינטרס הציבורי שנמצא במחלוקת במקרה זה מול עניינה של הנאשמת?,"בנסיבות אלו, אין ספק כי האינטרס הציבורי העומד אל מול עניינה של הנאשמת הוא אינטרס רם וחשוב.",train
מהו העיקרון המנחה בענישה שנקבע בסימן א1 לפרק ו' לחוק העונשין?,"בסימן א1 לפרק ו' לחוק, שכותרתו \הבניית שיקול הדעת השיפוטי בענישה\"" נקבע עקרון ההלימה כעקרון המנחה בענישה, היינו, ניתן משקל בכורה לשיקולי הענישה של גמול, ונקבע כי בראש ובראשונה, על העונש להלום את חומרת העבירה בנסיבותיה ואת מידת אשמו של הנאשם.""",train
מהי ההחלטה בנוגע לפסילה של הנאשם ביחס למעשיו?,"לפנים משורת הדין לא תוטל על הנאשם פסילה העולה על 5 שנים, כפי שהיה ראוי לעשות, ויחסית למעשיו, תוטל עליו פסילה מתונה.",train
מדוע לא ניתן להסתמך על הצהרות הנאשם לגבי טיפול לאחר שחרורו?,"לא ניתן להסתמך באמת על הצהרותיו של הנאשם כי יעבור טיפול לאחר שחרורו, לאור השתלשלות העניינים כפי שתוארה לעיל, וכפי שלא ניסה לעשות כן לאחר הרשעתו הקודמת ולפני מעצרו.",train
אילו שיקולים יש להביא בחשבון לחומרא בעת גזירת דינו של הנאשם?,"בבואי לגזור את דינו של הנאשם בתוך מתחם העונש האמור, יש להביא בחשבון לחומרא את עברו של הנאשם, בין היתר בעבירות כנגד בני משפחתו, את העובדה שביצע את העבירה על אף קיומו של מאסר מותנה התלוי ועומד נגדו, וזמן קצר לאחר שחרורו מהכלא בגין עבירה שביצע כלפי אביו.",train
מהן הנסיבות המקלות שיש להתחשב בהן בעת גזירת הדין של הנאשם?,"לקולא יש להתחשב בהודאתו המיידית של הנאשם בשני התיקים, חסכון בזמן שיפוטי לרבות עדות המתלונן, בעובדה שמדובר במי שהיה משוקם תקופה ארוכה, במצבו הרפואי הלא פשוט של הנאשם, כפי שעולה מהמסמכים הרפואיים שנשלחו משב\ס, ובעובדה שמשפחתו התגייסה כדי לסייע לו לאחר שחרורו.""",train
מהו הרקע המשפטי המצביע על כך שהנאשם לא זו הפעם הראשונה בה נקט באלימות קשה תחת השפעת אלכוהול?,"בענייננו, כאמור, אין זו הפעם הראשונה בה הנאשם נוקט באלימות קשה, כשהוא נתון תחת השפעת אלכוהול, ובהרשעתו הקודמת, ניכר כי בתי המשפט התחשבו בו ובנסיבותיו האישיות, התחשבות ניכרת, בעת גזירת עונשו.",train
כיצד מתייחס בית המשפט לנסיבות האישיות של נאשם בעת קביעת עונשו?,"על פי סעיפים 40 ג ו- 40 יא לחוק העונשין, נסיבותיו האישיות של נאשם הינן חלק מהנסיבות שאינן קשורות בביצוע העבירה, וככאלו, בית המשפט רשאי להתחשב בהן רק בעת קביעת עונשו של הנאשם בתוך מתחם הענישה, ואינו רשאי לחרוג בגינן מהמתחם.",train
מדוע קבלת טענת הסניגור עלולה להביא לייתור ההלכות בנוגע לאי הרשעה?,"קבלת טענתו של הסניגור תביא למעשה לייתור ההלכות בדבר אי הרשעה, שכן ניתן יהיה לומר לגבי כל אדם שזוהי הרשעתו הראשונה כי הרשעה תפגע באפשרות היפותטית של תעסוקה בעתיד או בדימויו העצמי.",train
כיצד השפיעה שיתוף הפעולה של הנאשם עם הגורמים הטיפוליים על ההחלטה בעניינו?,"בנסיבות אלו ולאור העובדה שהנאשם היה עצור מזה כחודש וחצי ומאז שחרורו במאי 2013 הוא משתף פעולה באופן מלא עם הגורמים הטיפוליים, החלטתי לקבל את המלצת שירות המבחן ולהטיל על הנאשם ענישה אשר במידה והוא ימעד, ניתן יהיה להפקיע ולהטיל עליו ענישה מחמירה ההולמת את העבירות שביצע.",train
מהו הקושי הנוסף שנמצא בהתנהלות הנאשם בנוגע לאחריות על מעשיו?,"קושי נוסף מצוי בעובדה שהנאשם אינו לוקח אחריות על מעשיו והחשש הנובע מכך בדבר התנהגותו בעתיד, כאשר ישוחרר מריצוי המאסר.",train
"מהו השיקול המרכזי בהחמרת הענישה במקרה של הנאשם, בהתחשב בעברו ובמצבו הנוכחי?","בבואי לגזור את דינו של הנאשם בתוך מתחמי הענישה האמורים, יש להביא בחשבון לחומרא את עברו המכביד של הנאשם, אם כי מדובר בעבר ישן, את העובדה שהוא מכור לסמים ושלא השכיל לנצל את ההזדמנות שניתנה לו להיגמל מסמים במסגרת התיק המצורף, ואת העובדה שביצע את העבירה בתיק העיקרי, בעת שהוא ממתין לגזר דינו בתיק המצורף.",train
אילו שיקולים לקולא יש להביא בחשבון בנוגע להודאת הנאשם?,"במסגרת זו, יש להביא בחשבון לקולא את הודאת הנאשם, לקיחת האחריות (גם אם חלקית) והבעת החרטה על מעשיו, תוך הכרה בנזק הרב שנמנע, וכן את שאיפותיו של הנאשם לשיקום במסגרת מאסרו, כהמשך להליך השיקומי בו החל בתיק קודם.",train
אילו עונשים היית מטילה על הנאשם לולא המאסר המותנה?,"לאור הנסיבות שפורטו בתסקיר שירות המבחן, והסיכוי הממשי לשיקום הנאשם, לולא המאסר המותנה, הייתי מטילה עליו מאסר שירוצה בדרך של עבודות שירות.",train
מה יש להביא בחשבון לקולא בעת גזירת עונשו של הנאשם?,"בעת גזירת עונשו של הנאשם בתוך המתחמים האמורים, יש להביא בחשבון לקולא את הודייתו בכל התיקים, את גילו הצעיר, את חרטתו על העבירות שביצע, את העובדה שמדובר בעונש מאסר משמעותי ראשון לנאשם, ואת הקושי הנעוץ בכך לנאשם כה צעיר.",train
מהו העיקרון המנחה בענישה שנקבע בסימן א1 לחוק העונשין?,"בסימן א1 לפרק ו' לחוק העונשין, שכותרתו \הבניית שיקול הדעת השיפוטי בענישה\"" נקבע עקרון ההלימה כעקרון המנחה בענישה, היינו, ניתן משקל בכורה לשיקולי הענישה של גמול, ונקבע כי בראש ובראשונה, על העונש להלום את חומרת העבירה ואת מידת אשמו של הנאשם.""",train
מדוע יש לעודד אנשים דוגמת הנאשם לעשות שינוי בחייהם במסגרת שיקולי הענישה?,"בית המשפט צריך כחלק מהאינטרס הציבורי גם לעודד אנשים דוגמת הנאשם לעשות שינוי בחייהם, וחלילה לו מלגרום לרגרסיה במצב הנאשם במקרים שאין זה מחוייב המציאות.",train
אילו נסיבות יש להביא בחשבון לחומרא בביצוע העבירות של הנאשם?,"בעת בחינת הנסיבות הקשורות בביצוע העבירות בענייננו, יש להביא בחשבון לחומרא את החבירה יחד עם אחרים לביצוע עבירות חמורות של ייצור נשק ואת רמת התכנון המוקדם, שהתבטא בקשירת הקשר לייצור הנשק, בשימוש ברכב גנוב שאמצעי הזיהוי שלו הוסוו, ובמידת התחכום והירידה לפרטי פרטים בהכנת הרכב, תוך שימוש ברכיבים מעצימי פגיעה, כגון ברגים, אומים, בנזין ומיכלי גז, ובשקי חול לצורך מיקוד ההדף, ותוך הסלקה מתוחכמת של הרכיבים האמורים בתוך הרכב, כך שלא ייראו מבחוץ.",train
"מהי הסיבה לכך שבית המשפט החליט להטיל על הנאשמות צו של\צ ולא עונש מאסר בפועל?""","אולם, הגעתי למסקנה כי  נקיטה בדרך של של\צ, כהמלצת שירות המבחן, תותיר בפני בית המשפט את האפשרות להפקיע את הצו ולהטיל תחתיו עונש חמור יותר, לרבות עונש מאסר, במידה ומי מהנאשמות תמעד או לא תבצע את צו השל\""צ כנדרש.""",train
"מהו המסר המרכזי לגבי הסיכון בעבירות מס, כפי שהוצג בפסיקה?","מקווה אני, כי עונשו... יחזור וידגיש, כי בעבירות מס הסיכון גדול מהסיכוי, וכי כנגד ההתעשרות הכספית הזמנית עומדים לא רק קנסות נכבדים, השוללים את טובת ההנאה, אלא עומדים גם לילות ארוכים של פחד מפני חשיפת האמת, עומדים הרס עצמי-משפחתי ועסקי, ועומדים ימים ארוכים של שלילת החופש\.""",train
מהי ההשפעה של הרשעת הנאשמת על מצבה הכלכלי ועבודתה?,"לכך יש להוסיף את העובדה כי הוכח בפניי שהרשעת הנאשמת תפגע בעבודתה של הנאשמת, ואת מצבה הכלכלי הקשה והצורך שלה להתגייס לטיפולים בבנה החולה.",train
מהי הסיבה להטלת עונש מאסר על הנאשם במקרה זה?,"לפיכך, לאור החבלות הקשות שנגרמו למתלונן ובעניין זה התמונות והצהרת הנפגע מדברות בעד עצמן, אין מנוס אלא להטיל על הנאשם עונש מאסר.",train
מהו הנימוק לכך שאין מדובר בנסיבות יוצאות דופן המצדיקות אי הרשעה בפעם השלישית?,"בענייננו ומבלי לזלזל בהליך הטיפולי שבו שולב הנאשם, אינני סבורה כי מדובר בנסיבות יוצאות דופן המצדיקות נקיטה בחריג של אי הרשעה בפעם השלישית.",train
מהו הגורם העיקרי לחומרת האיום השני שהוטח בנוכחות קצין משטרה?,"אשר לאיום השני, גם אם נאמר בסערת רגשות, כטענת הנאשם, חומרתו נובעת בעיקר מהעובדה שהוא הוטח בנוכחות קצין משטרה, אשר ניסה לסייע לנאשם, ולגשר בין הצדדים, וזאת על אף עברו הפלילי של הנאשם והעובדה שהוא שוחרר זה לא מכבר מריצוי עונש מאסר.",train
מה יקרה אם הנאשם לא יעמוד בניסיון הטיפולי לאחר שחרורו?,"נראה לי, כי אם הנאשם לא יעמוד בניסיון הטיפולי שאמור להינתן לו לאחר מאסרו, הרי שבעתיד לא ניתן יהיה לבוא עוד לקראתו ולהתחשב בנסיבותיו.",train
מדוע לא הוטלה על הנאשם פסילה בפועל למרות עבירותיו?,"באשר לפסילה בפועל, הרי שנוכח אי הבהירות בנוגע לשימוש בסמים והעובדה שעבירת הסיוע להתפרצות בוצעה תוך נהיגה ברכב, יתכן והיה ראוי להטיל על הנאשם פסילה בפועל לתקופה מסוימת, אולם , לאור ההליך הטיפולי הארוך בו שולב הנאשם , למרות שלא הושלם, לאור טענות הסניגור כי לאחרונה בתקופת מעצרו האחרון, מסר הנאשם בדיקות שתן נקיות ולאור סיכויי השיקום, החלטתי שלא להטיל על הנאשם עונש פסילה בפועל, בהתחשב, בין היתר בעובדה, שהורשע בעבירה של החזקת סם שלא לצריכת עצמית, אשר אינה מקימה חובת פסילה.",train
מהו תפקידו של ההסדר בהקלת העונש שהוטל על הנאשם?,"אין ספק, כי גם הסדר זה , לרבות ברף העליון שלו, מקל עם הנאשם.",train
כיצד משפיע העבר התעבורתי של הנאשם על ההחלטה בעניינו?,"באשר לעבירות התעבורה, ומאחר ולנאשם אין עבר משמעותי, והוא אף לא הואשם בעבירות התעבורה הנוספות העולות מתיאור עובדות כתב האישום, החלטתי להסתפק בפסילת המינימום הקבועה בחוק.",train
מהי הסכנה הציבורית הנובעת מנהיגה בזמן פסילה?,"העבירה של נהיגה בזמן פסילה היא אחת מעבירות התעבורה החמורות ביותר, שכן מעבר לסכנה הנשקפת לציבור מנהיגתו של מי שנאסר עליו לנהוג ע\י רשות מוסמכת, מדובר בעבירה המבטאת זלזול ברשויות אכיפת החוק.""",train
כיצד השפיע מעצרו של הנאשם על ההבנה שלו לגבי ההשלכות של מעשיו?,"רביעית, הבאתי בחשבון את מעצרו של הנאשם למשך מספר ימים במסגרת תיק זה, מעצר אשר יש להניח כי הציב תמרור אזהרה בפני הנאשם, והעמידו על ההשלכות החמורות של מעשיו.",train
מהי הסיבה לכך שייתכן והיה ראוי להטיל על הנאשם פסילה בפועל?,"ביחס לפסילה בפועל, בשל אי הבהירות בנוגע לשימוש בסמים והעובדה שעבירת הסיוע להתפרצות בוצעה תוך נהיגה ברכב, יתכן והיה ראוי להטיל על הנאשם פסילה בפועל לתקופה מסוימת.",train
מהי ההבהרה שניתנה לנאשם בנוגע לעיסוקיו הספורטיביים וההקלות שיכולות להינתן לו בעתיד?,"יחד עם זאת, החלטתי להחמיר במידה מסוימת בהיקף השל\צ שיוטל על הנאשם, וכן להבהיר לו, כי לא לנצח ישמשו לו עיסוקו הספורטיבי ויכולותיו הגבוהות כנימוק להקל עמו, וכי אם ימעד חלילה בעתיד, רוב הסיכויים הם שהוא יישפט בחומרה.""",train
מהו השיקול המרכזי שהוביל לכך שטווח העונשים שהוסכם בין הצדדים חורג מעט לקולא?,"בהתחשב בחומרת העבירות בכל התיקים, ובעברו הפלילי המכביד של הנאשם, הרי שטווח העונשים שהוסכם בין הצדדים, חורג מעט לקולא.",train
מדוע המלצות שירות המבחן לא ניתנות ליישום במקרה זה?,"בנסיבות אלו, המלצות שירות המבחן אינן ניתנות ליישום, בהיותן חורגות באופן משמעותי ובלתי מידתי ממתחם העונש ההולם שנקבע לעיל.",train
מהו השיקול שהוביל להחלטה לא להטיל על הנאשם עונש של מאסר בעבודות שירות?,"לאור ההליך הטיפולי כפי שתואר ע\י הנאשם, וכפי שעולה מתסקיר שירות המבחן, נראה לי כי עונש של מאסר בעבודות שירות עשוי לפגוע בהליך הטיפולי, ולו הסיבה שבתקופת עבודות השירות הנאשם לא יוכל להתייצב במרכז המטאדון לטיפול.""",train
כיצד השפיעה הודיית הנאשם המיידית על שיקול הדעת בעניינו?,"מנגד, ואל מול חומרת מעשיו של הנאשם, לא ניתן להתעלם מהודייתו המיידית של הנאשם, מלקיחת האחריות, תוך צירוף מספר תיקים, מחלוף הזמן מיום ביצוע העבירות, ומהעובדה שהוא מצוי בהליך טיפולי מזה למעלה משנה.",train
מדוע לא קיבלה השופטת את הפרשנות המרחיבה של החוק בנוגע לשיקול דעת בית המשפט בענישה?,"על אף השאיפה ששיקול דעתו של בית המשפט לא יוגבל, והרצון להרחיב את המקרים בהם ניתן יהיה לסטות לקולא ממתחם העונש הראוי לעבירה, אינני יכולה לקבל פרשנות זו של החוק, ונראה לי כי היא עומדת בסתירה לכוונתו המפורשת של המחוקק.",train
"מדוע הוחלט להגדיל את היקף שעות השל\צ שהומלץ?""","למרות שהחלטתי לקבל את המלצות שירות המבחן באשר לשתי הנאשמות, אני סבורה, כי היקף השל\צ שהומלץ על ידי שירות המבחן קטן יחסית, ואינו הולם את חומרת העבירות, ועל כן, החלטתי להגדיל את היקף השעות.""",train
"מהו מתחם העונש ההולם שנע בעניינו של הנאשם 2, בהתחשב בחלקו בעבירה?","בנסיבות אלו, ניתן לקבוע כי בעניינו של הנאשם 2, שחלקו קטן משמעותית, נע מתחם העונש ההולם בין מאסר מותנה וענישה כלכלית לבין מאסר בפועל למשך 7 חודשים וענישה נלווית.",train
מדוע הנאשם לא עשה כל ניסיון לפצות את המתלוננים בתיקים?,"הנאשם גם לא עשה כל נסיון לפצות את המתלוננים בתיקים, על מנת להוכיח כי חרטתו כנה ואמיתית, ואינה נובעת רק מהחשש מהעונש שייגזר עליו.",train
מהי המשמעות של ביצוע עבירות נוספות במהלך הליך משפטי מבחינת הענישה?,"אמנם, יש בביצוע עבירות נוספות, בעת שתלוי ועומד הליך משפטי בבית המשפט, משום נסיבה לחומרא.",train
כיצד השפיעה קטינותו של הנאשם בעת ביצוע העבירה על ההחלטה בעניינו?,"שנית, הבאתי בחשבון את העובדה כי בעת ביצוע העבירה נשוא הרישום הקודם, היה הנאשם קטין כבן 16, ובהיבט זה ניתן לומר כי חלף זמן לא מועט, וכי יתכן שמאז חל שינוי ממשי בתובנתו של הנאשם וביכולתו להפנים את הענישה החינוכית שתוטל עליו.",train
מדוע שיקולי שיקום עשויים לדחוק הצידה שיקולי ענישה אחרים לפי סעיף 40ד לחוק?,"על פי סעיף 40ד לחוק, שיקולי שיקומו של נאשם, שגם להם ניתן משקל משמעותי בענישה, עשויים במקרים מסוימים לדחוק הצידה את שאר שיקולי הענישה, ולהביא את בית המשפט לגזור דינו של הנאשם, תוך חריגה לקולא ממתחם העונש ההולם.",train
מהו השיקול הנוסף שהחמיר את המצב של הנאשם מעבר לחומרת העבירות שביצע?,"בענייננו, מעבר לחומרת העבירות, ניתן לטעון לחומרא גם את העובדה, שהנאשם ביצע שתי עבירות נפרדות, בהפרש של 8 חודשים זו מזו, כאשר עיכובו לתחנה, חקירתו תחת אזהרה ופתיחת תיק נגדו לא הרתיעו אותו מלשוב ולבצע עבירה דומה.",train
מהי עמדת השופט עדן לגבי שיקולי השיקום והחסד בענישה?,"עמדה דומה הביע כבוד השופט עדן בת\פ (שלום-ב\""ש) 36886-09-12 מדינת ישראל נ' נבאהין, [פורסם בנבו] אשר סבר כי מכח עקרון הענישה האינדיבידואלית, בית המשפט רשאי לבחון במסגרת שיקולי השיקום גם את מידת החסד והרחמים, וגם נסיבות אישיות חריגות של הנאשם.""",train
"מהי המדיניות בענישה בעבירות סחר והחזקת סמים שלא לצריכה עצמית, בהתחשב בעבר הפלילי של הנאשם?","עפ מדיניות הענישה הנהוגה, מוטלים בעבירות סחר בסמים ובעבירות של החזקת סם שלא לצריכה עצמית, עונשי מאסר בפועל ממשיים, גם על נאשמים נעדרי עבר פלילי, אם כי גם בעבירות אלו קשת הענישה רחבה, ותלויה בין היתר בכמות הסם, בסוגו ובנסיבות החזקתו.",train
מהו השיקול המרכזי שהשפיע על גזירת העונש של הנאשם בהיעדר עבר פלילי?,"בבואי לגזור את עונשו של הנאשם, יש לקחת בחשבון שמדובר בנאשם נעדר עבר פלילי, אשר שהה בתקופה של כשבוע במעצר ממש, ולאחר מכן תקופה ארוכה בתנאים מגבילים, ואשר בעניינו מתקיימים שיקולי שיקום משמעותיים המאפשרים אף לחרוג לקולא ממתחם העונש ההולם.",train
מהי התרשמות שירות המבחן ממאפייני הנאשם בהקשר לעבירות שביצע?,"עוד יש להביא בחשבון את התרשמות שירות המבחן ממאפייניו האישיותיים של הנאשם, את הסיכון להמשך התנהגות פורצת גבול, ואת העובדה שביצע את העבירות, המהוות הסלמה משמעותית ממעשיו בעבר, זמן קצר לאחר שסיים הליך טיפולי, וימים ספורים לאחר שנדון לעונש מאסר בעבודות שירות בעקבות אותו הליך.",train
"כיצד משפיעה פגיעת העונש על משפחות הנאשמים, במיוחד על ילדיהם הקטינים?","בנוסף, יש להתחשב בפגיעה שתהא לעונש מאסר בפועל על משפחותיהם של הנאשמים, בפרנסתם ובעיקר בילדיהם הקטינים, כאשר כאמור, הנאשם 2 משמש כאב חד הורי לשני קטינים.",train
מהי הסיבה לכך שבית המשפט שוקל לסייע לנאשם לצאת מהמעגל הפלילי?,"לאור גילו הצעיר של הנאשם ונסיבותיו האישיות הקשות, נראה לי, כי על בית המשפט לנסות לסייע לנאשם לצאת מהמעגל אליו הכניס את עצמו ולפתוח בחיים נורמטיביים.",train
מהי החשיבות של גילו הצעיר והישגיו הספורטיביים של הנאשם בהחלטה בעניינו?,"וחמישית, התחשבתי בעובדה כי עדיין מדובר בבחור צעיר מאד, ספורטאי מצטיין, אשר משרת כיום בצה\ל, סיים קורס מדריכים במכון וינגייט, הוכשר כשופט סיף לאומי ושואף להמשיך בעיסוקו בספורט ולהשתלב במערכת החינוך.""",train
מהי הסיבה להקל בעונש הנאשם למרות עברו הפלילי?,"אם בחרתי להקל במידה סמלית עם הנאשם מעתירתה של המאשימה לעונש, הרי זה לאור שאיפותיו החיוביות של הנאשם והעובדה שהוא עומד להפוך לאב, ואולם כאמור לאור עברו לא ניתן להתחשב בו במידה שביקש סנגורו.",train
מדוע יש להעדיף את הפן השיקומי בעניינו של הנאשם במקום להטיל עליו עונש חמור?,"במצב דברים זה, כאשר הנאשם מטפל בבעיה העיקרית שהביאה לביצוע העבירות, וכאשר ניתנה לו תקופת מבחן ממושכת על מנת להוכיח כי אין מדובר בדברים שמהפה אל החוץ, אני סבורה כי יש להעדיף בעניינו של הנאשם את הפן השיקומי ולא להטיל עליו עונש חמור אשר יכול לגדוע את מקור פרנסתו.",train
מהו השיקול המשפטי המרכזי שעליו התבססה ההחלטה לגזור את הדין במקרה זה?,"במקרים שבהם אין שיקולי שיקום ממשיים, אני סבורה כי יש לגזור את הדין על פי החוק, היינו על פי שיקולי ההלימה.",train
כיצד השפיעו שיקולי השיקום של הנאשם 2 על אפשרות החריגה לקולא ממתחם העונש?,"עם זאת, בעניינו של הנאשם 2 הוצגו במסגרת תסקיר שירות המבחן שיקולים מסוימים היכולים להחשב כשיקולי שיקום לצורך חריגה לקולא ממתחם העונש הראוי, וזאת לאור ההליך השיקומי בפן התעסוקתי, בו שולב הנאשם 2 במסגרת אגף השיקום של המוסד לביטוח לאומי, וההליך הטיפולי בפן המשפחתי בו שולב בסיוע שירות המבחן, הגם שאין מדובר בהליך שיקומי הקשור במניעים לביצוע העבירות בהן הורשע, כך שמידת החריגה המתאפשרת בגינו הינה מוגבלת.",train
מהן הנסיבות שהובילו להחמרת הענישה כלפי הנאשם?,"עוד ניתן לציין לחומרא את העובדה שהנאשם ניצל את יחסי הקרבה למתלוננת ולקטינה, אשר סמכו עליו, את העובדה שהקטינה, למרות גילה הצעיר, היא זו שנאלצה להפסיק את פעולותיו ולומר לו כי מעשיו אינם צנועים, את העובדה שלפי גרסתו הוא חש כי חצה גבול בעת שליטף את חזה של הקטינה, אך למרות זאת המשיך במעשיו וליטף גם את רגליה ואיבר מינה, ובעיקר את התנהגותו לאחר מעשה, בשאלו את הקטינה אם היא רוצה שייגע בה גם למחרת, את בקשתו מהקטינה שלא לספר לאמה, ואת הפעלת השפעתו על המתלוננת לבל תגיש נגדו תלונה במשטרה.",train
מהי המשמעות של שהות הנאשם במעצר ובתנאים מגבילים על ההחלטה בעניינו?,"בענייננו יש לקחת בחשבון בין היתר את העובדה שהנאשם שהה במעצר ממש כשבועיים ימים, לראשונה בחייו ולאחר מכן שהה תקופה ארוכה ולמעשה עד היום בתנאים מגבילים שהוקלו עם הזמן.",train
מהי החשיבות של קטיעת שרשרת הפצת הסמים בהקשר להרשעה בעבירה של החזקת סם?,"עוד נקבע כי אדם המורשע בעבירה של החזקת סם שלא לצריכה עצמית, הוא חלק בלתי נפרד משרשרת הפצת הסם, אשר על בית המשפט לעשות כל מאמץ לקטוע אותה (ראו ע\פ 1345/08, איסטחרוב נ' מדינת ישראל (18.5.09)).""",train
מדוע מחויב בית המשפט להטיל ענישה מחמירה במקרה זה?,"על כן, בית המשפט מחויב לתרום את תרומתו בדרך של הטלת ענישה מחמירה ומרתיעה, אשר תביע את שאט הנפש מתופעה זו, ומתוך תקווה שיהא בכך להביא למיגורה או למצער לצמצום היקפה.",train
כיצד השפיעו שיקולי השיקום על ההחלטה בעניינה של הנאשמת?,"לפיכך, ומבלי שישתמע מגזר הדין, כי העבירות שביצעה הנאשמת הן קלות, החלטתי לשים לנגד עיני את שיקולי השיקום של הנאשמת ועל כן, אני מורה על ביטול הרשעתה לפי סעיף 192א לחסד\פ, ומסתפקת בקביעה כי הנאשמת ביצעה את המיוחס לה בכתב האישום, המתוקן""",train
מה נקבע לגבי העדר יכולת לגבות חוב מס במישור האזרחי והשפעתו על הענישה?,"בעניין אודיז הנ\ל, נקבע בעניינו של נאשם המצוי בפשיטת רגל, כי לא ניתן לראות בהעדר היכולת לגבות מהעבריין את חוב המס במישור האזרחי שיקול להקלה בעונשו, מה שעלול לעודד נישומים אחרים לבצע עבירות מס ולשמוט את הקרקע מתחת לעקרון ההרתעה.""",train
כיצד השפיעו תסקירי שירות המבחן על ההחלטה להימנע מהטלת עונש מאסר לנאשמות?,"נראה לי כי האמור בתסקירים לגבי היות האירוע אירוע חריג באורחותיהן של הנאשמות, החרטה והבושה שהביעו, והעובדה כי מדובר בנשים שאינן צעירות, נעדרות עבר פלילי, עשוי לשמש בנסיבות תיק זה כדי להימנע מהטלת עונש מאסר החובה הקבוע בחוק.",train
מהן הערכים המוגנים בעבירות בהן הורשע הנאשם?,"העבירות בהן הורשע הנאשם הן עבירות חמורות מאד, אשר הערכים המוגנים בגדריהן, הם ההגנה על חיי אדם, על שלמות גופו, שלומו, בטחונו ורכושו של הציבור, וכן ההגנה על המורל ועל תחושת הבטחון של הציבור.",train
מהו הערך המוגן בעבירות של נהיגה בזמן פסילה ונהיגה ללא רישיון נהיגה?,"אשר לעבירות של נהיגה בזמן פסילה ונהיגה ללא רשיון נהיגה (בעיקר כשמדובר בבלתי מורשה), הערך המוגן בגדריהן הינו בראש ובראשונה הצורך להגן על בטחון הציבור ומשתמשי הדרך מהסכנה הנשקפת מכך שאדם שאינו בקיא בנהיגה, לא עבר את המבחנים הנדרשים, או אדם שרשות מוסמכת אסרה עליו לנהוג, אוחז בהגה.",train
מהו השיקול המרכזי שהוביל להחלטה לבטל את הרשעת הנאשמת?,"בענייננו, אני סבורה, כי הנאשמת ממלאת אחר כל הרכיבים שנקבעו בהלכת כתב, הן לאור גילה הצעיר והן לאור ההליך הטיפולי המשמעותי בו שולבה, ואשר נועד לטפל במקור הרע , היינו , בשימוש לרעה באלכוהול, אשר למעשה, הביא את הנאשמת לבצע את העבירות.",train
מהו תפקידן של הנסיבות האישיות הקשות של הנאשמים בהקשר לביצוע העבירות בהן הורשעו?,"יחד עם זאת, יש לזכור כי נסיבותיהם האישיות הקשות של הנאשמים, לא מנעו בעדם מלבצע את העבירות החמורות בהן הורשעו, ולא הביאו אותם לערוך חשבון נפש בזמן אמת.",train
כיצד השפיעו גיל הנאשם והודייתו על חומרת העונש שהוטל עליו?,"יחד עם זאת, לאור גילו הצעיר והודייתו, לא אמצה עם הנאשם את מלוא חומרת הדין כפי שהיה ראוי במקרה דומה.",train
מדוע יש מקום לפיצוי למתלוננים למרות שהרכוש הושב להם?,"ולמרות שלדברי הצדדים הרכוש הושב למתלוננים, נראה לי כי יש מקום לפיצוי מסוים למתלוננים בגין הנזק ועוגמת הנפש שנגרמו להם.",train
מהו מתחם העונש ההולם שנקבע עבור עבירות האלימות שביצע הנאשם?,"לאור נסיבות ביצוע העבירה כפי שתוארו, ותוך עריכת אבחנה ביניהן לבין המקרים שנסקרו בפסיקה, ניתן לקבוע כי מתחם העונש ההולם לגבי עבירות האלימות שביצע הנאשם נע בין עונש מאסר קצר לבין 15 חודשי מאסר.",train
"כיצד מתבצעת הענישה בעבירות מס על נאשמים עם נסיבות אישיות קשות, לפי פסיקות בית המשפט?","בהתאם להלכות אלו שיצאו מאת בית המשפט העליון, נוהגים בתי המשפט להטיל ענישה מוחשית ומרתיעה, הכוללת מאסרים בפועל וקנסות כבדים, גם על נאשמים נעדרי עבר פלילי, בעלי נסיבות אישיות קשות, או מצב כלכלי קשה, בעיקר כאשר מדובר בעבירות שבוצעו לאורך זמן, תוך העלמת מס בשיעורים גבוהים כבענייננו.",train
מהי ההחלטה שנעשתה לגבי צירוף העונש בעבירות החמורות שביצע הנאשם?,"על אף שמדובר בעבירות חמורות שבוצעו בתקופה נפרדת, ועל אף שהנאשם לא ביקש לערוך צירוף תיקים, החלטתי לאור נסיבותיו האישיות של הנאשם להורות כי מרבית העונש ירוצה בחופף לעונש המאסר בתיק שבפניי, וכי חודש אחד בלבד יצטבר לאותו עונש.",train
מהי הסיבה לכך שאין להקל בעונש הנאשם בשל כך ששותפיו לא נתפסו?,"זאת ועוד, אינני יכולה לקבל את הטענה שיש להקל בעונשו של הנאשם מאחר ושותפיו לקשר לא נתפסו ולא הואשמו, שהרי כעולה מכתב האישום המתוקן, מדובר באנשים שזהותם אינה ידועה למאשימה (וסביר להניח כי היא ידועה לנאשם דווקא), ובכתב האישום המתוקן לא נטען כי חלקו של הנאשם היה קטן או שולי יחסית לאחרים, אלא הוא אחד מקושרי הקשר וחלקו היחסי בפרשה לא מבוטל.",train
מדוע הרשעת הנאשמת עשויה לפגוע במצבה הכלכלי ובעבודתה?,"להוסיף את העובדה כי הוכח בפניי שהרשעת הנאשמת תפגע בעבודתה של הנאשמת, ואת מצבה הכלכלי הקשה והצורך שלה להתגייס לטיפולים בבנה החולה.",train
מהי הסיבה לכך שראוי לבחון את גזר הדין של הנאשם מבלי שהוא ישהה במאסר?,"מאחר ומדובר בנאשם משוחרר אשר עד כה התייצב לכל הדיונים הקבועים בעניינו ואשר שיתף פעולה עם שירות המבחן במסגרת פיקוח המעצרים ולאור תקופת המאסר שנגזרה והמלצת שירות המבחן להסתפק בעונש של עבודות שירות, אני סבורה כי יש מקום שערכאת הערעור תוכל לבחון את גזר הדין מבלי שהנאשם ישהה במאסר, ומבלי שחלק נכבד מהערעור יתייתר.",train
"מהו הכלל המשפטי לגבי הפעלת מאסר על תנאי בעבירות קודמות, וכיצד הוא חל במקרה זה?","על פי החוק והפסיקה מאסר על תנאי שהינו עונש בגין תיק קודם יופעל בדרך כלל במצטבר, למעט בנסיבות חריגות, ובענייננו לא שמעתי כל נסיבה חריגה המצדיקה את חפיפת המאסר המותנה, בעיקר בשים לב לעיתוי ביצוע העבירה ולעברו הבעייתי אשר הצדיק את הטלת הענישה המותנית.",train
מהו העיקרון שנקבע בפסיקה לגבי מידתיות המאסר המותנה ביחס לחומרת העבירה?,"נקבע לא אחת בפסיקה, כי על המאסר המותנה להיות מידתי, כזה שיותאם לחומרת העבירה הנוספת, ושלא יהיה בו לכבול את בית המשפט שיידרש להפעילו בעתיד.",train
"מהי ההחלטה הסופית לגבי הרשעת הנאשם והעונש המוטל עליו, בהתחשב בנסיבותיו האישיות ובחומרת העבירה?","לאור כל האמור לעיל, ובאיזון שבין נסיבותיו האישיות של הנאשם, וחומרת העבירה, החלטתי להרשיע את הנאשם בעבירות בהן הודה בשני התיקים, אך החלטתי גם, כי יש מקום להימנע מהטלת עונש מאסר, לרבות בעבודות שירות על הנאשם, ובמקומו ניתן להסתפק בשל\צ.""",train
"כיצד משפיעה חומרת העבירות על ההחלטה בעניינו של הנאשם, למרות עמידתו בקריטריונים של שירות המבחן?","אמנם, הנאשם בענייננו עומד במרבית הקריטריונים של שירות המבחן, כפי שפורטו בהלכת כתב ע\י כבוד השופט לוין, אולם, לא ניתן להתעלם מחומרתן היתרה של העבירות שעבר.""",train
מהו העונש שהוטל על הנאשם לאחר שקלול השיקולים לקולא ולחומרא?,"לאור כל האמור לעיל, ולאחר ששקלתי את השיקולים לקולא ולחומרא, ואבחנתי בין הפסיקה שהגישה המאשימה לבין ענייננו, אני דנה את הנאשם לעונשים הבאים: מאסר בפועל למשך 15 חודשים.",train
מהי החשיבות של הטלת קנסות משמעותיים בעבירות מס חמורות?,"אשר לקנס, כאמור נקבע בפסיקה כי יש להטיל קנסות מוחשיים ומשמעותיים, בין היתר על מנת להפוך את עבירות המס החמורות לבלתי כדאיות, ועל מנת לגלם בין היתר את הקושי בגילוי העבירות.",train
מהו השיקול לקולא שניתן לקחת בחשבון במקרה זה?,"לקולא יש להביא בחשבון את העובדה שבסופו של יום העבירה לא הושלמה ולא נגרמו פגיעות בגוף או בנפש, לא רק משום פעולת הסיכול של המשטרה, אלא גם מאחר ועדיין לא הוכנס לרכב מנגנון ההפעלה.",train
כיצד משפיע עברו הפלילי של הנאשם על גזירת העונש?,"לחומרא, יש להביא בחשבון במידה מסוימת את עברו הפלילי של הנאשם, אם כי למרות ריבוי ההרשעות, אין מדובר בעבירות המצויות ברף גבוה של חומרה.",train
כיצד השפיע אורח חייו של הנאשם על ההחלטה להקל בעונשו?,"מאחר ומדובר בנאשם אשר הצליח לנהל אורח חיים נורמטיבי למרות הקשיים בהם נתקל בילדותו ולמרות חומרת העבירה, החלטתי, כי לפנים משורת הדין, לאפשר לנאשם לפתוח דף נקי, וזאת בין היתר, בהתחשב בהשפעה החיובית שיש לאורח החיים החרדי על חייו.",train
מדוע לא נמצאו נסיבות המצדיקות סטייה נוספת מההלכה הפסוקה במקרה זה?,"יחד עם זאת, אינני סבורה כי מדובר בנסיבות המצדיקות סטיה נוספת מההלכה הפסוקה, המצדיקה המנעות מהרשעה.",train
"מהי הסיבה לביטול הרשעתה של הנאשמת לפי סעיף 192א לחסד\פ?""","לאור העובדה שהנאשמת כבר עתה הצביעה על פגיעה בעיסוקיה , דוגמת אי קבלתה כמדריכה לנוער בסיכון, החלטתי לבטל את הרשעתה של הנאשמת, על פי סעיף 192א לחסד\פ, ולהסתפק בקביעה כי הנאשמת ביצעה את המיוחס לה בכתב האישום המתוקן.""",train
מהי הסיבה להטלת קנס סמלי יחסית על הנאשם?,"למרות שיש טעם בדברי ב\כ המאשימה כי יש לעקר את הכדאיות של העבירות בהן הורשע הנאשם בדרך של הטלת קנסות מכבידים, בעיקר כאשר נטען כי הנאשם ביצע את העבירות בשל קשיים כלכליים, מצאתי להטיל על הנאשם קנס סמלי יחסית, לאור משך המאסר הצפוי, ולאור מצבו הכלכלי כמתואר בתסקיר.""",train
כיצד משפיעים ההסדר הטיעון ונסיבותיו האישיות של הנאשם על גזירת העונש במקרה זה?,"לאור כל האמור לעיל, לאור הסדר הטיעון, המגלם בחובו מאסר מותנה ארוך יחסית, ולאור נסיבותיו האישיות המיוחדות של הנאשם, ומנגד, לאור הפסיקה המחייבת הטלת קנסות משמעותיים, אני דנה אותו לעונשים הבאים:",train
כיצד השפיעה הודאת הנאשם על ההחלטה בנוגע לרף העונש המוטל עליו?,"אני סבורה כי הכף נוטה לכיוון טיעוני המאשימה, ואולם, לאור הודאת הנאשם בכל תיקיו, מתוך מגמה להשתלב בהליך טיפולי במסגרת המאסר ולאחריו, אתחשב בו במידת מה ולא אטיל עליו את הרף העליון לו טענה המאשימה.",train
מה השפעת המאסר המותנה על גזר הדין של הנאשם?,"לאור האמור בתסקירו האחרון של שירות המבחן, התלבטתי מאד בבואי לגזור את דינו של הנאשם, וזאת לאור השיקולים הנכבדים לחומרא, הצורך בגמול ובהרתעה ומנגד סיכויי השיקום של הנאשם, והעובדה שתלוי ועומד נגדו מאסר מותנה, שעקב אורכו ניתן לרצותו רק בדרך של מאסר בפועל ממש.",train
מה היו השיקולים שהובילו להחלטה על העונשים שנגזרו על הנאשמות?,"לאור כל האמור לעיל, ובאיזון בין נסיבותיהן האישיות של הנאשמות, הודייתן, נטילת האחריות מצידן, ומנגד חומרת העבירה, החלטתי לדון את הנאשמות לעונשים הבאים:",train
כיצד ניתן לתאר את עתירת המאשימה לעונש בהקשר לנסיבות העניין?,"מכל האמור ניתן ללמוד, כי עתירת המאשימה לעונש הינה מאוזנת וראויה בנסיבות העניין, והיא מביאה בחשבון גם נתונים לקולא לזכות הנאשם.",train
מדוע לא ניתן להפעיל את המאסר המותנה בחפיפה עם העונש הנוכחי?,"מאחר והנאשם ביצע את העבירות שבפניי זמן קצר מאוד לאחר שחרורו מן הכלא, אין כל שיקול המצדיק חפיפה של המאסר המותנה ועל כן הוא יופעל במצטבר.",train
כיצד הסדר הטיעון מתחשב בנסיבותיו של הנאשם בנוגע לעונש הפסילה בפועל?,"כלומר, הסדר הטיעון מתחשב בנאשם ובנסיבותיו , גם בנוגע לעונש הפסילה בפועל.",train
מה ניתן ללמוד על יחסו של הנאשם להחלטות בית המשפט?,"מכל האמור ניתן ללמוד, כי הנאשם הביע זלזול בוטה בהחלטות בית המשפט, והפגין חוסר מורא מפני החוק, כשגם ענישה מוחשית וענישה מותנית לא הרתיעו אותו.",train
כיצד השפיעה הודאת הנאשם על ההחלטה שלא להטיל עליו את הרף העליון של העונש?,"לאור כל האמור לעיל, אני סבורה כי הכף נוטה לכיוון טיעוני המאשימה, ואולם, לאור הודאת הנאשם בכל תיקיו, מתוך מגמה להשתלב בהליך טיפולי במסגרת המאסר ולאחריו, אתחשב בו במידת מה ולא אטיל עליו את הרף העליון לו טענה המאשימה.",train
מהו השיקול שהוביל לקביעת מתחם עונשי זהה למרות העבירות החמורות שביצע הנאשם?,"לגבי ת\פ 56636-05-14, למרות שהנאשם ביצע את עבירות התעבורה החמורות יחד עם עבירה פלילית של קבלת רכב שהושג בעבירה, ומאחר ונסיבות ביצוע העבירה הפלילית אינן מצויות ברף עליון של חומרה, יש לקבוע מתחם עונשי זהה.""",train
מה קבע בית המשפט העליון לגבי גובה הקנסות בעבירות כלכליות לאור קשיים כלכליים?,"גם בעניין רייך הנ\ל, קבע בית המשפט העליון כי לאור האופי הכלכלי של העבירות, אין מקום להתערב בגובה הקנסות (שבית המשפט המחוזי העמידם על מאות אלפי שקלים) על אף קשיים כלכליים קשים, וציין כי חלק ניכר מן הענישה בעבירות כלכליות הוא קנס כ\""תשובת משקל\"" לעבירות שתכליתן בצע כסף, בעיקר כאשר הגזילה לא הושבה.""",train
מדוע לא ניתן לקבל את פרשנות הסנגור בנוגע למאסר המותנה?,"לא ניתן לקבל את פרשנותו זו של הסנגור (אשר לא הובאו לתמיכתה כל אסמכתאות) הן מאחר ואינה מתיישבת עם לשון החוק, והן מאחר והיא נוגדת את ההגיון.",train
מהי ההמלצה לגבי רף הענישה לאור שקלול השיקולים לקולא ולחומרא?,"לאור כל האמור לעיל, ולאחר שקלול של השיקולים לקולא ולחומרא, אינני יכולה לקבל את עתירת המאשימה להטיל על הנאשמים עונש המצוי ברף העליון של מתחם הענישה, ונראה לי כי מכלול הנסיבות מצדיק הצבתם סמוך לרף התחתון של מתחם הענישה.",train
מהי הסיבה לכך שבית המשפט סבור שניתן להסתפק בענישה המוצעת על ידי שירות המבחן במקרה זה?,"נראה לי כי בעניינו של הנאשם, למרות חומרת העבירה, ניתן להסתפק בענישה המוצעת על ידי שירות המבחן, הכוללת גם צו מבחן ושל\צ שיש בהם כדי להוות חרב על ראשו של הנאשם, ולהחזירו לבית המשפט במידה וימעד.""",train
כיצד הדגיש בית המשפט המחוזי את החומרה של העבירה שביצעה המורה?,"בית המשפט המחוזי הדגיש את החומרה הנעוצה בכך שאין מדובר במעידה רגעית וחד פעמית אלא בעבירה שבוצעה תוך תכנון לאורך זמן, וכן את העובדה שמדובר במורה, האמור לשמש מודל חינוכי לתלמידיו.",train
מהי הסיבה להימנעות מעונש מאסר מאחורי סורג ובריח במקרה זה?,"בענייננו, לאור חומרת העבירות מחד, ומנגד הודייתו המיידית של הנאשם, הבעת החרטה, התרשמות שירות המבחן מסיכויי השיקום שלו וכלל הנסיבות שפורטו בתסקיר, החלטתי להמנע מעונש מאסר מאחורי סורג ובריח.",train
מדוע הוחלט להסתפק בעונש של עבודות שירות במקום מאסר משמעותי לנאשם?,"בסופו של דבר, לאור חלוף הזמן הרב, העובדה שבמשך כל התקופה הארוכה מאז פרוץ מחלתו, שהה הנאשם בתנאים מגבילים יחד עם אשתו, וככל הנראה ניתק את הקשר עם המתלוננת, ועל אף שראוי היה להטיל על הנאשם עונש מאסר לתקופה משמעותית, לאור הישנות העבירות וחומרתן, החלטתי, לפנים משורת הדין להסתפק בעונש של מאסר לריצוי בדרך של עבודות שירות.",train
כיצד השפיעה תכנון העבירה לאורך זמן על החמרת הענישה במקרה זה?,"בית המשפט המחוזי הדגיש את החומרה הנעוצה בכך שאין מדובר במעידה רגעית וחד פעמית אלא בעבירה שבוצעה תוך תכנון לאורך זמן, וכן את העובדה שמדובר במורה, האמור לשמש מודל חינוכי לתלמידיו.",train
מהו טיב העבירות המיוחסות לנאשם בהקשר לחומרתן?,"בענייננו, מדובר בעבירות חמורות, אך כאלו שאינן מצויות ברף הגבוה של חומרה.",train
מהי עמדת בית המשפט לגבי ניסיונות הנאשמים לצמצם את הנזק שנגרם?,"בנוסף, יש לתת משקל מסוים לטענות הנאשמים כי ניסו לצמצם את הנזק ולהסיר את המחדלים בדרך של מכירת מלאי המצברים, אם כי אינני יכולה לקבל את נסיונותיהם להטיל על המדינה את האשמה בגרעון העצום שנוצר עקב מעשיהם.",train
מהו תפקיד ההליך הטיפולי שעבר הנאשם בהקשר למניעת מעורבות בעבירות בעתיד?,"שלישית, התחשבתי בעובדה שכיום הנאשם עבר הליך טיפולי משמעותי, והוא עתיד להמשיך בו במסגרת צו המבחן, מה שיאפשר לו כלים טובים יותר להמנע ממעורבות בעבירות בעתיד.",train
מהן הנסיבות לקולא שהשפיעו על גזר הדין של הנאשם?,"לקולא יש להתחשב בהודייתו המיידית של הנאשם ובנטילת האחריות מצידו, בגילו הצעיר, בנסיבותיו האישיות כפי שפורטו בתסקיר, בדברי חברתו של הנאשם (אם כי לאור משך ההכרות הקצר, קשה ללמוד מדברים אלו על שינוי ממשי שערך הנאשם בחייו), בשאיפותיו לשיקום במסגרת כתלי בית הסוהר ובמסגרת משפחתית לאחר שחרורו.",train
כיצד יש לאזן בין שיקולי הגמול וההרתעה לבין שיקולי השיקום בגזירת העונש?,"בבא בית המשפט לגזור דינו של נאשם, עליו לאזן בין שיקולי הגמול וההרתעה לבין שיקולי השיקום, ובמקרים מתאימים לשיקולי השיקום יינתן משקל בכורה על שאר השיקולים.",train
מהי ההלכה הפסוקה בנוגע לעיכוב ביצוע עונש מאסר קצר?,"על פי ההלכה הפסוקה יש להיעתר לבקשות למתן עיכוב ביצוע כאשר מדובר בעונש מאסר קצר, כך שאי היעתרות לבקשה תביא לסיכול הערעור.",train
כיצד השפיע גילו הצעיר של הנאשם על ההחלטה לחרוג לקולא ממתחם העונש?,"לאור כל האמור לעיל, לאור גילו הצעיר של הנאשם ולאור התרשמות שירות המבחן כי להליך המשפטי הייתה השפעה מרתיעה על הנאשם, החלטתי לראות בו כמי שיש סיכוי של ממש שישתקם, באופן המצדיק חריגה לקולא ממתחם העונש ההולם.",train
מדוע הוטל על הנאשם קנס סמלי בלבד ולא קנס מוחשי?,"על אף שראוי היה להטיל קנס מוחשי, לאור הסכומים שהוציאה המשטרה עבור עסקאות הסמים האמורות, החלטתי להטיל על הנאשם קנס סמלי בלבד, לאור העולה מחומר החקירה, כי הנאשם העביר את הכספים ששילם הסוכן לאדם אחר.",train
כיצד השפיעו נסיבותיו האישיות של הנאשם על האיזון בין האינטרס הציבורי לטובתו?,"לעיסוקו של הנאשם אשר עשוי להיפגע מהרשעה פלילית ובשילוב של כל הנתונים, לרבות חומרתו היחסית הפחותה של האירוע וחלוף הזמן, אני סבורה כי באיזון שבין האינטרס הציבורי לבין נסיבותיו של הנאשם, יש להעדיף בזו הפעם את טובת הנאשם.",train
מהו השיקול המרכזי שהוביל להחלטה לא להתעלם מנסיבותיה האישיות של הנאשמת?,"למרות שנסיבות המקרה אינן מקלות, לא ניתן להתעלם מנסיבותיה האישיות הקשות של הנאשמת, אשר אין ספק, כי היא זקוקה לטיפול ולהכוונה של גורמים מקצועיים.",train
מהו תפקיד תסקיר שירות המבחן בהחלטה על אי הרשעה במקרה זה?,"ולאור תסקיר שירות המבחן המהווה נדבך חשוב בהחלטה לגבי אי הרשעה, החלטתי שלא לקבל את עתירת הסניגור.",train
מהי הסיבה לכך שבית המשפט לא האמין בכנות רצונו של הנאשם בטיפול לאחר שחרורו?,"אחרי מכן, ולאחר שבית המשפט נתן לו הזדמנות נוספת, לפנים משורת הדין, הנאשם בעיקר חזר בו מדבריו בתסקיר הראשון, אך כאשר עמדו הצהרותיו למבחן המציאות, התברר כי הוא עסוק בחישובים של רווח והפסד, ואינו מעוניין באמת בטיפול, לצורך עריכת שינוי פנימי ממשי, אלא ביקש בעיקר להביא להקלה בעונשו.",train
מהן הנסיבות האישיות של הנאשם שהובילו לסטייה מההלכה הפסוקה ולהימנע מהטלת עונש מאסר בפועל?,"מנגד, לאור נסיבותיו האישיות של הנאשם, והתרשמות שירות המבחן, ולאור העובדה שהנאשם עובד כיום במקום עבודה מסודר, מצאתי כי התקיימו נסיבות מיוחדות לסטות מההלכה הפסוקה, ולהמנע מהטלת עונש מאסר בפועל.",train
מדוע יש להטיל עונשי מאסר משמעותיים בעבירות סמים?,"אשר לעבירות הסמים, הרי שנכתב רבות בפסיקה על עבירות הסמים החמורות, על פגיעתן הרבה בציבור, בשלומו וברכושו, ועל הצורך למגרן באמצעות הטלת עונשי מאסר משמעותיים, תוך מתן משקל קטן לנסיבות האישיות של הנאשמים בהן.",train
מהי הסיבה להימנע מגזירת עונש מאסר בפועל על הנאשמת 1?,"אין ספק, כי מלאכת גזירת הדין היא קשה, ובית המשפט יודע כי פסיקתו מהווה גם מסר לרבים, ואולם, לאור הנסיבות החריגות ויוצאות הדופן של מקרה זה, לאור תיקון כתב האישום (לרבות שינוי משמעותי לקולא בהוראות החיקוק), לאור חסכון בזמן שיפוטי ובעיקר בצורך להעיד את המתלוננת, ולאחר התלבטות רבה, הגעתי למסקנה, כי לא יהא זה נכון לגזור על הנאשמת 1 עונש של מאסר בפועל, ולו בעבודות שירות.",train
מהי החשיבות של הפקדת הרשיון במועד בהקשר לעבירה של נהיגה בזמן פסילה?,מוסברת לנאשם חשיבות הפקדת הרשיון במועד וחומרת העבירה של נהיגה בזמן פסילה.,train
מדוע יש לקחת בחשבון את התמכרות הנאשם וההליך השיקומי בעת גזירת העונש?,"מאידך, לא ניתן להתעלם מן העובדה שהעבירות בוצעו על רקע התמכרות לסמים, ומהעובדה שהנאשם עבר הליך שיקומי ארוך וממושך, שלאחר תקופה ארוכה נשא פרי.",train
מהי הסיבה להטלת פיצוי סמלי בלבד למתלוננת למרות הפגיעות שנגרמו לה?,"אשר לפיצוי, לאור העובדה שמדובר בבת זוג לשעבר, ולא בבני זוג המנהלים כיום משק בית משותף, ולאור הפגיעות שנגרמו למתלוננת, יש מקום להטלת פיצוי למתלוננת, ואולם לאור מצבו הכלכלי והרפואי של הנאשם, ולאור העובדה שבמהלך יחסיהם תמך הנאשם כלכלית במתלוננת באופן משמעותי, יוטל פיצוי סמלי בלבד.",train
מהי הסיבה להחלטה שלא להטיל על הנאשם עונש פסילה בפועל?,"עם זאת, לאור ההליך הטיפולי הארוך בו שולב הנאשם, למרות שלא הושלם, לאור טענות הסניגור כי לאחרונה בתקופת מעצרו האחרון, מסר הנאשם בדיקות שתן נקיות ולאור סיכויי השיקום, החלטתי שלא להטיל על הנאשם עונש פסילה בפועל, בהתחשב, בין היתר בעובדה, שהורשע בעבירה של החזקת סם שלא לצריכה עצמית, אשר אינה מקימה חובת פסילה.",train
מהו העונש המינימלי שנראה ראוי להטיל על הנאשם בגין העבירות בהן הורשע?,"אם כך, ברור כי גם ללא המאסר המותנה, ראוי להטיל על הנאשם עונש מאסר בפועל משמעותי בגין העבירות בהן הורשע.",train
מהן הבעיות הראייתיות שהועלו על ידי הסניגורית במהלך שמיעת העדים?,"מנגד, אין להתעלם מטענות הסניגורית באשר לבעיות הראייתיות , שכן, משמיעת העדים עלתה בעיה מסוימת בנוגע לזיהוי הנאשם ואף בעייתיות בנוגע לאזהרתו באשר למשמעות הסירוב להיבדק , אם כי, בעניין זה, אין להתעלם גם מהמאפיינים הרבים לנהיגה בשכרות שתועדו על ידי השוטר.",train
אילו שיקולים נלקחו בחשבון לזכות הנאשם בעת גזירת העונש?,"יחד עם זאת, יש לשקול לזכות הנאשם את הודאתו המיידית, אשר חסכה בעיקר את עדות המתלונן, את הבעת החרטה ולקיחת האחריות על ידו, את העובדה שהוא שוהה במעצר מזה כתשעה חודשים, ואת נסיבותיו האישיות הלא פשוטות, שאין ספק כי תרמו למצבו.",train
"מהו החשש המרכזי הנוגע להתנהלותו של הנאשם בעבירות סמים, בהתחשב בהיסטוריה הפלילית שלו?","אכן, עניינו של הנאשם מעורר התלבטות, שכן מדובר במי שזו הפעם השלישית שהוא מסתבך בעבירות סמים חמורות , דבר המעורר את החשש כי למרות גילו הצעיר, סיגל אורח חיים של סוחר סמים, ולמרות התחשבות בית המשפט פעם אחר פעם, הוא המשיך לשוב לסורו.",eval
מהי הסיבה להחלטה לחרוג לקולא ממתחם העונש ההולם במקרה זה?,"בסופו של דבר, וכאמור לאחר התלבטות לא קלה, החלטתי כי מדובר במקרה חריג המצדיק חריגה לקולא ממתחם העונש ההולם, וגזירת דינו פעם נוספת תוך מתן עדיפות לשיקולי השיקום.",eval
מהו המצב הנפשי שהוביל את הנאשמות לביצוע העבירה?,"בענייננו, ומבלי שתשתמע מכך חלילה הצדקה למעשי הנאשמות, ניתן להבין את המצב הנפשי בו היו נתונות עובר לביצוע העבירה, ואשר הביא לביצוע העבירה.",eval
מהו מתחם העונש ההולם שנקבע עבור עבירות האלימות של הנאשם?,"לאור נסיבות ביצוע העבירה כפי שתוארו, ותוך עריכת אבחנה ביניהן לבין המקרים שנסקרו בפסיקה, ניתן לקבוע כי מתחם העונש ההולם לגבי עבירות האלימות שביצע הנאשם נע בין עונש מאסר קצר לבין 15 חודשי מאסר.",eval
מדוע לא ניתן לחרוג ממתחמי הענישה במקרה של הנאשם בהעדר שיקולי שיקום?,"בהעדר שיקולי שיקום, לא ניתן לחרוג לקולא ממתחמי הענישה האמורים, ובוודאי שלא ניתן להסתפק בתקופת מעצרו של הנאשם.",eval
מהו השיקול המרכזי שהוביל לגזר עונשים מרתיעים על הנאשם?,"לאור כל האמור לעיל, אין מנוס אלא לגזור על הנאשם עונשים מרתיעים, ההולמים את חומרת מעשיו, בהתחשב בכך שמדובר בארבעה מקרים נפרדים ובארבעה מתלוננים שונים.",eval
מהן הנסיבות החריגות המאפשרות סיום הליך משפטי ללא הרשעה?,"לפי ההלכה הפסוקה, משהוכח ביצועה של עבירה יש להרשיע את הנאשם בה, וסיום ההליך המשפטי ללא הרשעה ייעשה רק במקרים חריגים, בהם היחס שבין חומרת העבירה לבין הנזק הצפוי לנאשם מן ההרשעה, אינו סביר.",eval
מהו הערך המוגן בעבירה של נהיגה בזמן פסילה?,"בנוגע לעבירה של נהיגה בזמן פסילה, הערך המוגן מגלם בחובו בנוסף, גם את החשיבות שבשמירה על חוק וסדר וכיבוד שלטון החוק ע\י האזרח, שכן מדובר בעבירה המבטאת זלזול בוטה בהחלטות של רשויות אכיפת החוק.""",eval
"מהי הסיבה להטלת עונש מאסר בן 3 חודשים בת\פ 42303-08-13?""","ולגבי ת\פ 42303-08-13, ולאור האמור בנוגע להסדר הטיעון שהוצג בעבר, לאור חלוף הזמן ולאור העובדה שהנאשם יכול היה להשפט בגינו יחד עם העבירות בהן הורשע בהרשעתו התעבורתית האחרונה, יש להטיל עליו עונש מאסר בן 3 חודשים.""",eval
כיצד משפיעה כמות הסם המוחזקת על קביעת מתחם העונש בעבירות החזקת סם שלא לצריכה עצמית?,"נראה לי כי כאשר מדובר בכמות הנעה סביב גרם של הרואין (ובענייננו כמות שהיא כפי 5 מהכמות הקבועה בחוק כמקימה את החזקה), אשר יכולה להתיישב עם סם המוחזק לצריכה עצמית וכחלק מ\אחוות נרקומנים\"", ניתן לקבוע כי המדובר ברף הנמוך של העבירות של החזקת סם שלא לצריכה עצמית, וכי מתחם העונש ההולם בגינן נע בין 5 חודשי מאסר בפועל לבין 15 חודשי מאסר בפועל.""",eval
מה הסיבה לאי פסיקת פיצוי בגין נזקי רכוש במקרה זה?,"מאחר וגם לטענת המתלוננת, מר קנפו פיצה אותה בגין חלק מנזקי הרכוש, ולאור העובדה שבית משפט זה לא שמע את עדותה של המתלוננת ולא עיין בראיות בנוגע לטענות הסותרות שעלו באשר לשאר הנזקים, אינני פוסקת פיצוי בגין נזקי הרכוש, וראוי כי אם תיוותר מחלוקת, היא תבוא בגדר של הליך אזרחי.",eval
מהי הסיבה להטיל את העונשים במצטבר במקרה זה?,"לאור העובדה שמדובר במקרים שונים, אשר בוצעו בתקופות זמן שונות, כאשר בעת ביצוע העבירות בתיק העיקרי שהה הנאשם בתנאים מגבילים בגין התיק המצורף, אני סבורה כי יש להטיל את העונשים במצטבר זה לזה.",eval
מהי הסיבה להמלצה על עונש מאסר משמעותי לנאשם?,"בע\פ 3345/07 מדינת ישראל נ' אסולין, נקבע לעניין שיקולי השיקום בעבירות מין: לאור כל האמור לעיל, ובשוקלי מחד את השיקולים לקולא, ומנגד את השיקולים הנכבדים לחומרא, ובעיקר העדר התובנה של הנאשם, העדר לקיחת אחריות, שלילתו כל צורך טיפולי, והאמור בהערכת המסוכנות לגבי קיומה של מסוכנות מינית בינונית-נמוכה, אני סבורה כי יש מקום להטיל על הנאשם עונש מאסר משמעותי.""",eval
מהי ההמלצה לגבי חפיפה בין עונשי המאסר לאור גילו הצעיר של הנאשם?,"לאור גילו הצעיר של הנאשם, צירוף התיקים והעובדה שמדובר במאסר משמעותי ראשון, אני סבורה כי יש מקום לחפיפה מסוימת בין עונשי המאסר האמורים, כך שהעונש הכולל יהלום את חומרת המעשים ואת נסיבותיו של הנאשם.",eval
מהו העיקרון המנחה בגזירת הדין בעבירות מין כלפי קטינים?,"בפסיקה נקבע לא אחת, כי בגזירת הדין בעבירות מין כלפי קטינים, על בית המשפט להעמיד כנגד עיניו, בראש ובראשונה את הקטין הנפגע, וכי נסיבותיו האישיות של הנאשם אמורות לסגת אל מול האינטרס הציבורי שבמניעת עבירות דומות ובהרתעה (ראו ע\פ 2612/90, פלוני נ' מדינת ישראל).""",eval
מהי התרשמות שירות המבחן לגבי הנאשם במגזר הדין הקודם?,"מגזר הדין הקודם ניתן לראות כי שירות המבחן המליץ אז על ענישה מקלה, לאור ההתייצבות המסוימת במצבו והמגמה החיובית בהתנהלותו, אך יחד עם זאת הביע התרשמותו כי הנאשם לא הפנים מושגים בסיסיים הנדרשים להצלחה שיקומית.",eval
מה השיקול שהוביל להקל בעונש הנאשם למרות העבירות שביצע?,"מכל מקום, לא אחמיר עם הנאשם כפי שהיה ראוי להחמיר עימו , אתחשב בחרטתו ובחלוף הזמן הרב וכן בעברו המקל יחסית.",eval
מהו ההשפעה של אימוץ המלצת שירות המבחן על האינטרס הציבורי והשיקומי של הנאשם?,"לאור כל האמור לעיל, נראה לי כי הן האינטרס הציבורי והן האינטרס השיקומי הפרטי של הנאשם, ייצאו נשכרים מאימוץ המלצת שירות המבחן, וכמובן שאם הנאשם לא יעמוד בענישה שתוטל עליו, או ימעד בחזרה לסמים, ניתן יהיה להפקיע את דרכי הטיפול שיוטלו עליו ולהטיל במקומם ענישה מוחשית ומחמירה.",eval
"מהי הסיבה לכך שלא ניתן לקבוע מתחם עונש דומה בת\פ 42303-08-13?""","לגבי ת\פ 42303-08-13, ועל אף שהנאשם ביצע עבירות נלוות חמורות של שימוש ברכב ללא רשות ונהיגה תחת השפעת משקאות משכרים, כך שראוי היה לקבוע מתחם עונש דומה לזה שנקבע לעיל, לא ניתן להתעלם מעמדת המאשימה במסגרת הסדר הטיעון, כך שהגבילה עצמה לעונש בן 3 חודשי מאסר, הכולל הפעלת מאסר מותנה בן 3 חודשים (מאסר על תנאי שבינתיים כבר הופעל).""",eval
מהי הסיבה לדחיית בקשת הנאשם לעיכוב מועד הפיצוי?,"באגב דחיית מועד הפיצוי, הרי שלאור הסכומים הגבוהים וחלוף הזמן אינני יכולה לקבל את בקשת הנאשם, ומתוך התחשבות בעונש המאסר ניתנה פרישה ל-40 תשלומים.",eval
מהו השיקול שיש לקחת בחשבון בעת גזירת הקנס הנוגע לנסיבות האישיות של הנאשם?,"בעת גזירת הקנס יש להביא בחשבון את נסיבותיו האישיות של הנאשם כמפורט לעיל, העובדה שהוא אינו עוסק יותר בתחום.",eval
"מדוע יש להתמקד באינטרס הגמול וההרתעה במקרה של הנאשם, למרות שהיו לו הזדמנויות לשיקום?","בענייננו, מאחר ולא עומדים לנאשם שיקולי השיקום, למרות שבית המשפט נתן לו הזדמנות לכך, על בית המשפט להתמקד באינטרס הגמול וההרתעה, ע\י הטלת ענישה מוחשית שיהא בה להרתיע את הנאשם ואת הרבים מביצוע עבירות דומות, להבהיר לו את חומרת מצבו, ואולי אף לדרבן אותו להשתלב בהליך טיפולי לאחר ריצוי עונשו.""",eval
מהו המאפיין של העבירות שנדונו במקרה זה ביחס לרף החומרה?,"בענייננו, מדובר בעבירות חמורות, אך כאלו שאינן מצויות ברף הגבוה של חומרה.",eval
מהו השיקול המרכזי שהשפיע על גזירת הדין של הנאשמים?,"בעת גזירת דינם של הנאשמים, יש להביא בחשבון לחומרא את העובדה שהגרעון העצום שנגרם לקופת המדינה לא הוסדר ע\י הנאשמים, אלא באופן מינורי יחסית, ואת הקשיים העולים מתסקירי שירות המבחן, בכל הנוגע לרמת לקיחת האחריות מצד הנאשמים כלפי העבירות שביצעו.""",eval
מהי הסיבה לכך שניתן להסתפק בענישה המוצעת על ידי שירות המבחן במקרה זה?,"נראה לי כי בעניינו של הנאשם, למרות חומרת העבירה, ניתן להסתפק בענישה המוצעת על ידי שירות המבחן, הכוללת גם צו מבחן ושל\צ שיש בהם כדי להוות חרב על ראשו של הנאשם, ולהחזירו לבית המשפט במידה וימעד.""",eval
"מה נקבע בע\פ 5956/13 לגבי השפעת נסיבות רפואיות על מתחם הענישה?""","בהקשר זה יצוין, כי בע\פ 5956/13 מדינת ישראל נ. אבו נגמה [פורסם בנבו] (28.11.13), נקבע מפורשות, כי נסיבות רפואיות אינן מאפשרות חריגה לקולא ממתחם הענישה שנקבע.""",eval
מה השיקול המרכזי שהנחה אותך בהחלטה לאמץ את המלצת שירות המבחן?,"לא בלי היסוס, ולאור נסיבותיו המיוחדות של הנאשם, כפי שעלו מהתסקירים ומטיעוניו לפניי, לאור העובדה שהעונשים עליהם המליץ שירות המבחן כוללים עונשים ממשיים, אשר ניתן גם להפקיעם ולהמירם בענישה מחמירה, במקרה שהנאשם לא יתמיד בהליך הטיפולי, החלטתי לתת את הדגש על שיקולי השיקום, ולאמץ את המלצת שירות המבחן.",eval
מהי התקווה הנוגעת לעתידו של הנאשם לאחר המאסר?,"כולי תקווה, כי לאחר המאסר ישכיל הנאשם לעבור טיפול , על מנת לצאת מהמעגל אליו נקלע ועל מנת שלא לעמוד שוב בבית המשפט בגין עבירות אלימות.",eval
מהו השיקול שהוביל לכך שטווח העונשים שהוסכם בין הצדדים חורג מעט לקולא?,"בהתחשב בחומרת העבירות בכל התיקים, ובעברו הפלילי המכביד של הנאשם, הרי שטווח העונשים שהוסכם בין הצדדים, חורג מעט לקולא.",test
מדוע הרשעה עשויה לפגוע פגיעה ממשית בעתידו של הנאשם?,"בנסיבות אלו, וכן לאור גילו הצעיר ותפקודו הנורמטיבי בדרך כלל, אני סבורה כי הרשעה עשויה לפגוע פגיעה ממשית בעתידו של הנאשם.",test
כיצד משפיעה כמות הסם על קביעת הענישה בעבירות החזקת סם?,"על פי מדיניות הענישה הנהוגה, מוטלים בעבירות סחר בסמים ובעבירות של החזקת סם שלא לצריכה עצמית, עונשי מאסר בפועל ממשיים, גם על נאשמים נעדרי עבר פלילי, אם כי גם בעבירות אלו קשת הענישה רחבה, ותלויה בין היתר בכמות הסם, בסוגו ובנסיבות החזקתו.",test
מהו השילוב של העבירות שהחמיר את חומרת מעשיו של הנאשם והוביל לעונש מאסר?,"בענייננו, הצירוף של עבירה של נהיגה בזמן פסילה, יחד עם ביצוע עבירה של נהיגה בשכרות, וזאת זמן קצר לאחר שנדון עניינו של הנאשם בבית המשפט המחוזי בגין עבירה נוספת של נהיגה בשכרות,  מעצים את חומרת מעשיו של הנאשם, ומחייב את המסקנה, כי העונש הראוי בעניינו של הנאשם הינו עונש מאסר.",test
מהו הנימוק שהוצג בערעור בבית המשפט המחוזי אשר לא ניתן להסתמך עליו לצמיתות?,"עוד יצוין, כי בערעור בבית המשפט המחוזי , חלק נכבד מהטיעונים היה קשור במצבה של אמו, ונראה לי, כי לא לנצח יכול הנאשם להיאחז באותם נימוקים על מנת לבקש הקלה בעונשו.",test
מדוע לא ניתן היה להביא את מצבו הכלכלי של הנאשם כשיקול לקולא?,"יצוין, כי גם אם ניתן היה לקבל את טענת הנאשם כי הוא נקלע לביצוע העבירות אך בשל מצכו הכלכלי הקשה (טענה שלא הוכחה), לא ניתן היה להביא טענה זו כשיקול לקולא, לאור חומרת העבירות ולאור נכונותו להשתתף בעבירות פליליות כה חמורות, שיכולות היו להסתיים בתוצאה טרגית.",test
"מהו העונש המומלץ לנאשם בנסיבות המקרה, בהתחשב במתחם העונש?","בנסיבות אלו, יש מקום להטיל עונש מאסר הקרוב לרף העליון של המתחם.",test
מהו השיקול שהוביל לכך שטווח העונשים שהוסכם בין הצדדים חורג מעט לקולא?,"בעקבות חומרת העבירות בכל התיקים, ובעברו הפלילי המכביד של הנאשם, הרי שטווח העונשים שהוסכם בין הצדדים, חורג מעט לקולא.",test
מהי הסיבה להטלת העונשים במצטבר במקרה של הנאשם?,"לאור העובדה שמדובר במקרים שונים, אשר בוצעו בתקופות זמן שונות, כאשר בעת ביצוע העבירות בתיק העיקרי שהה הנאשם בתנאים מגבילים בגין התיק המצורף, אני סבורה כי יש להטיל את העונשים במצטבר זה לזה.",test
כיצד מתאר שירות המבחן את ההליך הטיפולי של הנאשם והשפעתו על שיקומו?,"מנגד, לא ניתן להתעלם מהעובדה שזו הפעם הראשונה שהנאשם מצוי בהליך טיפולי ממשי, וכי ההליך הטיפולי מתמשך ומעיד על כך, שאין מדובר במי שמשתף פעולה מהפה אל החוץ, אלא מי שנמצא בהליך שיקום של ממש.",test
מה יש לשקול לחומרא בנוגע לעברו התעבורתי של הנאשם?,"יש לשקול לחומרא את עברו התעבורתי של הנאשם, והעובדה שעל אף היותו בלתי מורשה לנהיגה הוא נדון פעמיים בגין עבירות נהיגה, ולא נרתע מהטלת פסילות לתקופות ממושכות (16 חודשי מאסר ו- 30 חודשי מאסר), ממאסרים מותנים שהוטלו עליו, ואף ממאסר בפועל בן 4 חודשים שהוטל עליו בהרשעתו האחרונה.",test
מדוע שליחת הנאשמת למאסר נחשבת לנקמה על התחמקותה מהגעה לבית המשפט?,"נראה לי, כי הגם שצודק התובע, הרי ששליחתה של הנאשמת היום למאסר,אשר תביא בוודאות להידרדרותה בשל מצבה השביר, תהא משום נקמה בנאשמת, על כך, שהתחמקה מלהגיע לבית המשפט.",test
מהו השיקול המרכזי שהוביל לאבחנה בין הקנס שיוטל על הנאשם לבין הקנסות במקרים דומים?,"על כן על אף שהקנס צריך להיות משמעותי, יש מקום לאבחן בין הקנס שיוטל על הנאשם לבין הקנס שהוטל במקרים אליהם הפנתה המאשימה.",test
מהי הסיבה לכך שבמקרה זה יש לתת עדיפות לשיקולי השיקום על פני שיקולים אחרים?,"נראה לי כי למרות השיקולים כבדי המשקל לחומרא, הרי שהמקרה שבפניי מצדיק מתן עדיפות לשיקולי השיקום, אשר בסופו של דבר תסייע גם לאינטרס הציבורי.",test
מהן הנסיבות שהובילו לשקול את הענישה לקולא במקרה של הנאשם?,"לקולא יש לשקול את הודייתו של הנאשם בעבירות בשלבים מוקדמים של ההליך, את נכונותו של הנאשם לפצות את המתלוננים ולערוך עימם הליך של צדק מאחה, את העובדה שמדובר בעונש מאסר ראשון שיוטל עליו, את הפגיעה של העונש שיוטל במשפחתו התלויה בו, את האמור בתסקיר שירות המבחן, ובמידה מסוימת גם את הפציעה שנגרמה לו באירוע (אם כי זו נגרמה לו מהתנהגותו הבריונית בלבד ולא מידי המתלוננים).",test
מדוע לא ניתן לחרוג ממתחמי הענישה בהעדר שיקולי שיקום?,"בהעדר שיקולי שיקום, לא ניתן לחרוג לקולא ממתחמי הענישה האמורים, ובוודאי שלא ניתן להסתפק בתקופת מעצרו של הנאשם.",test
מהו הגורם שהוביל למסקנה כי יש סיכוי של ממש לשיקום הנאשם?,"אומנם לא הוצגו שיקולי שיקום הקשורים בהליך טיפולי שעבר הנאשם, ואולם לאור חלוף הזמן מיום ביצוע העבירות, העובדה שבוצעו על רקע סכסוך נקודתי ודברי המתלוננת עצמה, כי לא מדובר באדם אלים אלא באדם טוב שפעל תחת כעס נקודתי, נראה לי כי ניתן לראות בגורמים אלו משום סיכוי של ממש שהנאשם ישתקם.",test
מהו מתחם העונש ההולם שנקבע עבור מעשי הנאשם בעקבות העבירות בהן הורשע?,"לאור הערך המוגן בעבירות בהן הורשע הנאשם, ומידת הפגיעה בו, לאור תוכנו החמור של האיום הראשון, והישנות העבירה גם בנוכחות קצין המשטרה, אני סבורה כי מתחם העונש ההולם את מעשי הנאשם באירוע כולו נע בין מאסר קצר לבין 15 חודשי מאסר בפועל.",test
כיצד פרשנות הסנגור לגבי המאסר המותנה עשויה להשפיע על מספר הפעמים שניתן להפעילו?,"שנית, פרשנותו זו של הסנגור מובילה כאמור למסקנה שיש להסתכל על המאסר המותנה כמכיל מספר מאסרים מותנים נפרדים, ואם כך היה הדבר, הרי שלכאורה ניתן היה להפעיל את אותו מאסר מותנה מספר פעמים, כמספר העבירות שננקבו בו, וברור שזו לא היתה כוונת המחוקק.",test
מהי המדיניות הרצויה לגבי ריצוי עונש מאסר בעבודות שירות בעבירות פיסקליות?,"אדרבה, בית משפט זה, עוד משכבר הימים, ראה אותן בחומרה וקבע \כמדיניות רצויה, שלא לאפשר ריצוי עונש מאסר בעבודות שירות כשהמדובר בעבירות פיסקליות\"" (ע\""פ 4097/90 בוירסקי נ' מדינת ישראל [פורסם בנבו] מיסים ה(1); שציטטה המשיבה).""",test
מהי ההשפעה האפשרית של עבירות נוספות על רכיבי הענישה המוטלים על הנאשם?,"לקחתי בחשבון את העובדה שיוטלו על הנאשם רכיבי ענישה שניתן יהיה להפקיעם ולהמירם בענישה מחמירה, במידה והנאשם ימעד חזרה לסמים, או יבצע עבירות נוספות.",test
אילו שיקולים לקולא יש להביא בחשבון בעת גזירת דינם של הנאשמים?,"לקולא יש להביא בחשבון את הודייתם המלאה של הנאשמים, תוך חסכון בזמן שיפוטי, את עברם הנקי, את נסיבותיהם האישיות, המשפחתיות והכלכליות הקשות, כפי שפורטו בטיעוני הסנגורים ובתסקירים, ואת מאמציהם להשתקם ולשוב לשוק העבודה, במקביל להתמודדות עם החובות הגבוהים אליהם נקלעו.",test
מהו מתחם העונש ההולם לעבירות שביצע הנאשם?,"לאור מכלול השיקולים שפורטו לעיל, לאור דרגת הפגיעה הגבוהה בערכים המוגנים, ובשים לב לפסיקה שהובאה לעיל, בשינויים המחויבים לענייננו, ובעיקר נוכח השוני בין חומרת המקרה בענייננו לבין אותם מקרים והשוני בטיב הנשק, אני סבורה כי מתחם העונש ההולם לעבירות שביצע הנאשם נע בין 5 ל-10 שנות מאסר בפועל וענישה נלווית, הכוללת גם עונשי פסילה מאחר ובמסגרת האירוע הנאשם נהג בזמן פסילה.",test
מהי הסיבה לכך שהוחלט לא להטיל על הנאשם עונש פסילה בפועל?,"באשר לפסילה בפועל, הרי שנוכח אי הבהירות בנוגע לשימוש בסמים והעובדה שעבירת הסיוע להתפרצות בוצעה תוך נהיגה ברכב, יתכן והיה ראוי להטיל על הנאשם פסילה בפועל לתקופה מסוימת, אולם , לאור ההליך הטיפולי הארוך בו שולב הנאשם , למרות שלא הושלם, לאור טענות הסניגור כי לאחרונה בתקופת מעצרו האחרון, מסר הנאשם בדיקות שתן נקיות ולאור סיכויי השיקום, החלטתי שלא להטיל על הנאשם עונש פסילה בפועל, בהתחשב, בין היתר בעובדה, שהורשע בעבירה של החזקת סם שלא לצריכה עצמית, אשר אינה מקימה חובת פסילה.",test
כיצד יש לשקול את מצבו הנפשי של הנאשם על פי טענת הסניגורית?,"לקולא ועל אף שהנאשם סירב לברר את מצבו הנפשי, יש לשקול את טענת הסניגורית בדבר מצבו הנפשי של הנאשם, טענה שכאמור נתמכה בעדותו של המתלונן.",test
מהו הנימוק לכך שאין מדובר במקרה בו הנזק לנאשם עקב הרשעתו מצדיק ויתור על האינטרס הציבורי?,"גם לפי תסקיר שירות המבחן, אין מדובר במקרה בו הנזק לנאשם עקב הרשעתו יהיה כה רב, ובלתי סביר, עד שיש בו כדי להביא לויתור על האינטרס הציבורי של מניעת ביצוע עבירות דומות והרתעת הרבים, מה גם, שהנאשם לא השכיל להשתלב בהליך טיפולי שהוצע לו על ידי שירות המבחן.",test
מהו האיזון שעל בית המשפט לבצע במלאכת הענישה?,"מלאכת הענישה היא מלאכה קשה, ובמסגרתה על בית המשפט לאזן בין כל השיקולים הרלוונטיים; לצד השיקולים של הלימה או גמול, מניעה, הרתעת היחיד והרתעת הרבים, אין להתעלם משיקולי הענישה האינדיבידואליים, הקשורים בנאשם העומד לפני בית המשפט, ובין היתר מסיכויי השיקום שלו.",test
"כיצד מתייחס החוק לעבירות מס חמורות מבחינת הענישה, לפי עקרונות שנקבעו?","וידעו נא אנשי המסחר, המלאכה והתעשייה, אנשי מקצועות חופשיים וכיוצא בהם, כי אנו מתייחסים בחומרה יתרה למעלימי המס, ועם כל הצורך להתחשב בנסיבות אישיות, מי שעובר עבירות מס בנסיבות כה חמורות צפוי לא רק לעונשי קנס אלא אף לעונשי מאסר, שאינם קלים כלל ועיקר...",test
