text,split
"לקולא, אתחשב בהודאת הנאשם שחסכה זמן שיפוטי, היותו אב ל – 9 ילדים, רצונו להשתלב באגף גמילה מסמים בין כותלי בית הכלא, נסיבותיו האישיות והמשפחתיות כמפורט בתסקיר שירות המבחן. לאחר ששקלתי את מכלול השיקולים, הן לחומרא והן לקולא כמפורט לעיל, הנני דן את הנאשם לעונשים הבאים: הנני מורה על הפעלת המאסר המותנה בן 12 חודשים מת\פ 4254/02 בית משפט השלום באר-שבע, באופן מצטבר למאסר שהושת בסעיף א' לעיל. 12 חודשי מאסר על תנאי, למשך 3 שנים מיום שחרורו מהכלא, שלא יעבור עבירה בה הורשע.""",train
מסוג פשע.,train
"לאחר ששקלתי את טיעוני ב\כ הצדדים, ולא בלי התלבטות, החלטתי לבכר את שיקולי השיקום על פני שיקולי ההרתעה והגמול, בשים לב לאמור בתסקיר שירות המבחן, דברי רעייתו של הנאשם בפניי, בתקווה שאכן חל שינוי מהותי בדפוסי התנהגותו של הנאשם כלפי רעייתו באופן שיסייע להם להמשיך ולקיים את התא המשפחתי באופן נורמטיבי. יחד עם זאת, ראוי להטיל עונש משמעותי צופה פני עתיד שישמש תמרור אזהרה עבור הנאשם לאופן התנהגותו והתנהלותו כלפי בת זוגו. אשר על כן, הנני דן את הנאשם לעונשים הבאים: הנני מורה על הפעלת המאסר המותנה בן 5 חודשים מת\""פ 1316/05 בית משפט השלום באר-שבע, לריצוי בעבודות שירות. 12 חודשי מאסר על תנאי, למשך 3 שנים מהיום, שלא יעבור עבירת אלימות במשפחה. 6 חודשי מאסר על תנאי, למשך 3 שנים מהיום, שלא יעבור עבירות אלימות מסוג עוון. הנאשם יחתום על התחייבות כספית על סך 15,000 ₪, שלא יעבור עבירה דומה משך 3 שנים מהיום. הנאשם יתייצב בתאריך 30.01.2011 בפני הממונה לתחילת ריצוי עבודות השירות. הנאשם הוזהר, כי עליו לעמוד בתנאי הפיקוח וביקורות הפתע – כל הפרה בעבודות השירות תביא להפסקה מנהלית ולריצוי העונש במאסר של ממש.""",train
"לאחר ששקלתי את טיעוני ב\כ הצדדים, הן לחומרא והן לקולא כמפורט לעיל, וכן את דברי הנאשם, החלטתי שלא למצות את חומרת הדין עם הנאשם, בשים לב לנסיבותיו האישיות. יחד עם זאת, אינני סבור שבעבירות מהסוג נשוא הרשעת הנאשם, לרבות כמות הסם, יש להסתפק בענישה צופה פני עתיד. מה כן ניתן להתחשב, באורך התקופה של המאסר. אשר על כן, הנני גוזר על הנאשם את העונשים הבאים: 12 חודשי מאסר, מתוכם חודשיים לריצוי בעבודות שירות והיתרה על תנאי, למשך 3 שנים מהיום, שלא יעבור עבירה בניגוד לפקודת הסמים המסוכנים מסוג פשע. 6 חודשי מאסר על תנאי, למשך 3 שנים מהיום, שלא יעבור עבירות סמים מסוג עוון. קנס בסך 2,000 ₪ או 20 ימי מאסר תמורתו. הקנס ישולם עד ליום 30.12.2010. הנאשם יתייצב בתאריך 12.12.2010 בפני הממונה לתחילת ריצוי עבודות השירות. הנאשם הוזהר, כי עליו לעמוד בתנאי הפיקוח וביקורות הפתע – כל הפרה בעבודות השירות תביא להפסקה מנהלית ולריצוי העונש במאסר ממש.""",train
"לקולא כפי שהציגו הצדדים. לענייננו, אפנה לע\פ 433/89, אטיאס נ' מדינת ישראל: כפי שהתובעת המלומדת הפנתה לפסיקה מחמירה, קיימת גם פסיקה פחות מחמירה בנסיבות דומות – ע\""פ 50/07 אשר הוגש כערעור על ת\""פ 8038/06, שניתן בבית המשפט המחוזי בבאר-שבע. במקרה שם, דובר היה במי שנטל אבן גדולה ויידה אותה בפניו של המתלונן, אשר איבד הכרתו, הובהל לבית החולים, אושפז שם, וזאת לאחר שאובחנו שברים רבים בפניו, כמו גם חתכים בעפעף עין שמאל שלו. יוער, כי גם שם הרקע למעשה, היה שתיית אלכוהול, ויכוח קודם בין הנאשם שם למתלונן. חרף כל האמור, גזר עליו בית המשפט המחוזי, בין היתר, עונש של 6 חודשי מאסר שירוצו בדרך של עבודות שירות. הוא הדין גם בע\""פ 10031/05, המדובר היה בערעור של נאשם הפעם על גזר דין של בית המשפט המחוזי בנצרת ת\""פ 1026/05, שם דובר על נאשם שהתנפל על המתלונן לאחר שזה האחרון תקף את חברו ודקר אותו מספר פעמים בגופו באמצעות סכין. כתוצאה מהדקירות, נגרמו למתלונן חתכים במרפק שמאל, באגודל יד ימין, וכן פצע דקירה באורך של 2 ס\""מ בבית החזה. במקרה שם, הקל בית המשפט המחוזי בעונשו של הנאשם, והשית על הנאשם 6 חודשי מאסר שירוצו בעבודות שירות. מקרה דומה גם פסק הדין נשוא ת\""פ 423/01 בית משפט מחוזי חיפה, מדינת ישראל נ' דוד בן סימון. שם דובר היה בנאשם שדקר את המתלונן באמצעות סכין, בבית החזה, בידיו וברגליו, כאשר שם, גרמה הדקירה בבית החזה לפגיעה באיברים הפנימיים ובסוף עונשו של הנאשם נגזר ל – 6 חודשי מאסר שירוצו בעבודות שירות. גם ראה ע\""פ 10676/07, בועז אביטן נ' מדינת ישראל, שם הקל בית המשפט העליון בעונשו של מי""",train
"בענייננו, מדובר בנאשם בן 45, רווק. לחובתו 27 הרשעות קודמות בעיקר בתחום הסמים והרכוש. עוד מעיון בגיליון הרשעותיו עולה, כי ריצה בעברו במספר הזדמנויות מאסרים מאחורי סורג ובריח לתקופות לא מבוטלות. הרשעתו האחרונה היא מיום 18.11.09, על רקע סחר בסם מסוכן, ונידון במסגרתה ל-22 חודשי מאסר. הנאשם השתחרר ממאסרו האחרון בתאריך 06.02.2011. הנאשם טען בפניי, כי ממשיך לשמור על ניקיונו מהסם ובכוונת אחיו מיכאל, שהתייצב במסגרת הראיות לעונש מצד ההגנה, בתום מאסרו לשקמו ואף להעסיקו בעסק שבבעלותו מסוג פיצרייה. לאחר ששקלתי את מכלול השיקולים הרלוונטיים, הן לחומרה והן לקולא כמפורט בדברי ב\כ הצדדים, וכן עיינתי בפסיקה שהוגשה על ידי הצדדים, הנני דן את הנאשם לעונשים הבאים:""",train
"הראויה בהתאם לנסיבות המקרה. עקרון חשוב – אך לא יחיד – שעלינו לקחת בחשבון, הינו עקרון אחידות הענישה. עקרון זה נגזר מעקרון שוויון הנאשמים בפני החוק, ומורה כי על מצבים דומים מבחינת אופי העבירות והנסיבות האישיות ראוי להחיל במידת האפשר שיקולי ענישה דומים. .. עקרון אחידות הענישה אינו חזות הכול והנו אך אחד משיקולי הענישה. באשר לטענת הסנגור, כי עצם הסכמת המאשימה לדחיית הדיון לקבלת תסקיר משלים בנוגע להליך \צדק מאחה\"", כי מעידה על עמדתה שלא לעתור בעניינו של הנאשם לעונש מאסר בפועל. הנני דוחה טענה זו בשתי ידיים, הואיל והמאשימה גילתה את עמדתה בנוגע לסוג העונש שיש לדידה להשית על הנאשמים במעמד הצגת ההסדר באופן כללי כאשר ציינה כי כל צד יטען לעונש באופן חופשי, פעם נוספת כאשר טענה בעניינם של הנאשמים 1 ו-3, הן בכתובים והן בעל פה. ואף הדגישה שאין לעשות אבחנה בין מי מהנאשמים בנוגע למידת חלקו באלימות הקשה שבוצעה בגופו של המתלונן. עוד התנגדה המאשימה להמלצת שירות המבחן בעניינו של הנאשם 3, במסגרתה המליץ שירות המבחן להשית עונש מאסר שירוצה בעבודות שירות. לגופם של דברים, בישיבה מיום 7/6/12, שירות המבחן עתר לדחייה לצורך עריכת תסקיר משלים, המאשימה בהגינותה לא התנגדה לעצם הדחייה, אולם אין בכך כדי להעיד על שינוי בעמדתה בנוגע לסוג העונש שיש להשית על הנאשם. באשר לגזר הדין מתפ\""ח 975/00 מדינת ישראל נגד מאור ניזרי בית המשפט המחוזי באר שבע, שממנו מבקש הסנגור לתמוך את טיעוניו, עיינתי בגזר הדין ולא ניתן להגיע לתוצאה אליה חותר הסנגור, מדובר במקרה ובנסיבות שונות לחלוטין מהמקרה שבפניי. באשר להמלצת שירות המבחן בעניינו של הנאשם, דהיינו – ביטול הרשעת הנאשם, השתת של\""צ בהיקף של""",train
"לקולא, אתחשב בתיקון כתבי האישום, הודאת הנאשם שחסכה זמן שיפוטי, כתב הסולחה שנערך בין הצדדים בתוך השבט אליו נמנה הנאשם והמתלוננים, חלוף הזמן, נסיבותיו האישיות והמשפחתיות כמפורט בתסקיר, החרטה שהביע על התנהגותו. לאחר ששקלתי את מכלול השיקולים, הן לחומרא והן לקולא כמפורט לעיל, החלטתי שלא למצות את מלוא חומרת הדין עם הנאשם, והנני דן את הנאשם לעונשים הבאים: 12 חודשי מאסר על תנאי, למשך 3 שנים מיום שחרורו מהכלא, שלא יעבור עבירות אלימות מסוג פשע. 6 חודשי מאסר על תנאי, למשך 3 שנים מיום שחרורו מהכלא, שלא יעבור עבירות אלימות מסוג עוון. 6 חודשי מאסר על תנאי, למשך 3 שנים מיום שחרורו מהכלא, שלא יעבור עבירה של החזקת סכין שלא כדין.",train
"אין חולק בדבר חומרת העבירה בה הורשע הנאשם. בפסיקה נקבע לא אחת כי על בית המשפט מוטלת החובה לשמש מגינם של הקטינים באמצעות העברת מסר חד משמעי לפיו כל מי שיהין לפגוע בגופו של קטין לצורך סיפוק גחמותיו המיניות, צפוי לעונש חמור . עם זאת, יש לזכור כי אחד מעקרונותיה של שיטתנו המשפטית הוא עקרון הענישה האינדיבידואלית. על פי עקרון זה, בבוא בית המשפט לגזור את דינו של נאשם, שומה עליו להפעיל את שיקול דעתו ולבחון כל מקרה לגופו של עניין, תוך התחשבות בנסיבותיו האישיות של הנאשם ועברו הפלילי ולאזנם אל מול נסיבות ביצוע העבירה וחומרתה. אין להפעיל אמת מידה עונשית זהה לגבי כל נאשם ונאשם שכן נבדלים הם ביניהם בנסיבותיהם האישיות, בעברם הפלילי ובנסיבות ביצוע העבירה וחומרתה. אודה כי ההתלבטות במקרה זה איננה קלה. מחד, קיימים שיקולים לחומרא בעניינו של הנאשם בכללם גילו של הקטין, המקום בו בוצע המעשה- מקום הומה אדם, כאשר הקטין רכוב על כתפי אביו- אלו מצביעים על תעוזתו של הנאשם ועל הקושי שלו לדחות סיפוקים, דו\ח הערכת המסוכנות הקובע כי מדובר באדם בעל רמת מסוכנות מינית גבוהה לרצידיביזם מיני, תסקיר שירות המבחן אשר אינו בא בהמלצה טיפולית נוכח סירובו של הנאשם להשתלב בטיפול תרופתי. בנוסף קיים אינטרס ציבורי כבד משקל בהרתעת הנאשם והרתעת עברייני מין פוטנציאלים. מנגד, קיימים אף שיקולים לא מעטים לקולא- עברו הנקי של הנאשם, הודאתו שחסכה זמן שיפוטי יקר, הרשעתו במעשה בודד כאשר מיום ביצועו (12.08.08) לא נפתחו נגדו תיקים נוספים. כמו כן, יש להתחשב בכך כי על אף סירובו לקבל טיפול תרופתי, פנה הנאשם מיוזמתו לקבלת טיפול באופן פרטי, טיפול הכרוך באמצעים כספיים אשר התאפשר בעזרת סיוע""",train
"קשה היא מלאכת גזר הדין וכבר נאמר במקורות חז\ל \""לעולם יראה עצמו הדיין כמי שחרב נעוצה לו בין ירכותיו...\"" (תלמוד בבלי דף ז' עמ' ב'). שיקולי הענישה רבים ומגוונים הם. מחד, אינטרס הציבור, והצורך בגמול ובהרתעה, ומאידך, נסיבותיו האישיות של כל נאשם ונאשם, שכן הענישה לעולם אינדיבידואלית היא. ראה לעניין זה ע\""פ 2163/05 דג'מיל אלייב נ' מדינת ישראל; כך גם במקרה שבפנינו. תופעה בה מרשים לעצמם בעיקר בני נוער, אבל לא רק, להשתמש בסכין, או בכלי דקירה אחרים כדי ליישב סכסוכים ביניהם, היא תופעה שמן הראוי שחברה, כל חברה, תוקיע אותה מתוכה ומן הראוי שבתי המשפט, יתנו אף הם ידם במיגור תופעה זו או לצמצמה באופן ניכר, על ידי הטלת עונשי מאסר ארוכים ומרתיעים, לרבות כאשר מדובר בתקיפת אנשי חוק, וביתר שאת בעניינו של הנאשם שבפניי, שלא בחל לעשות שימוש בנשק קר כלפי איש חוק על רקע ביצוע עבירת אלמ\""ב כאשר עומד לחובתו מאסר מותנה בגין עבירות אלימות כלפי בן זוג. עם זאת, במקרה שבפניי, ומבלי שיהא בכך משום הקלת ראש במעשיו של הנאשם, או בחומרא שיש לייחס למעשיו, הרי שסבורני, שנסיבותיו של הנאשם מיוחדות וקשות. הנאשם בפניי התוודה על חטאו, בוודאי בשפתיו וניכר עליו, שמדובר בחרטה כנה. עוד יש לציין, כי לא ניתן שלא להתחשב בנסיבותיו האישיות הקשות של הנאשם. הרי מדובר בנאשם בגיל 84, שעבר את מחנות ההשמדה כמתואר במכתב שהגישה המתלוננת שגם היא חוותה מילדותה את הרוע במלואו. הגם שהקדמתי וציינתי, כי ענישה לעולם אינדיבידואלית היא, כל מקרה ונסיבותיו וכל אדם וממילא, כל נאשם, עולם מלא הוא (ראה והשווה תלמוד בבלי מסכת סנהדרין פרק ד' משנה ה'), הרי קיימת פסיקה הן לחומרא והן""",train
"לקולא, אתחשב בגילו הצעיר של הנאשם, הודאתו שחסכה זמן שיפוטי, נסיבותיו האישיות והמשפחתיות הקשות כמפורט בתסקיר שגובש בעניינו, תיקון כתב האישום, הרכוש נתפס והוחזר לבעליו. לאחר ששמעתי את טענות ב\כ הצדדים, ושקלתי את מכלול השיקולים, הן לחומרא והן לקולא, ולאחר שעיינתי בתסקיר שהוגש בעניינו, כמפורט לעיל, הנני דן את הנאשם לעונשים הבאים: הנני מורה על הפעלת המאסר המותנה בן 12 חודשים מת\""פ 3971/07 בית משפט השלום באר-שבע, באופן ש – 8 חודשים ירוצו במצטבר והיתרה בחופף למאסר שהושת בסעיף א' לעיל.""",train
"וכי יש להילחם בה בכל הכלים שברשותנו. לדאבון הלב, חלקם של הצעירים איננו מבוטל ותרומתם לאלימות הכללית בחברה – משמעותית, דבר שמחייב יד קשה. יחד עם זאת, ברור כי אין בכוחה של ענישה בלבד לפתור את הבעיה, ודרושה פעולה חינוכית משולבת, רחבה ויסודית. לקולא, אזקוף לזכות הנאשמים את גילם הצעיר, נסיבותיהם האישיות והמשפחתיות המורכבות כעולה מהתסקירים, עברם הלא מכביד - לנאשם 1 - שני רישומים ללא הרשעה מבית המשפט לנוער בתחום האלימות, וכן הרשעה מבית משפט השלום בגין עבירות של הפרעה לשוטר, תקיפת שוטר והחזקת סכין. לנאשם 3 - הרשעה בגין העדר מן השירות. עוד אתחשב לקולא, בהודאתם שחסכה זמן שיפוטי יקר, החרטה שהביעו על התנהגותם הן בפני שירות המבחן והן בפני בית המשפט, הניסיונות שעשה הנאשם 1 במסגרות הטיפוליות, התקופה הממושכת יחסית שבה שהה הנאשם 3 במעצר בית מלא (קרוב לשבעה חודשים), זהו להם מאסרם הראשון מאחורי סורג ובריח. בהתחשב בכל האמור לעיל, הנני דן את הנאשמים לעונשים הבאים: 12 חודשי מאסר על תנאי, למשך 3 שנים מיום שחרורם מהכלא, שלא יעברו עבירות אלימות מסוג פשע.",train
"ומי שנתפס בכף חייב לקבל עונש מרתיע, הן על מנת להרתיעו באופן אישי והן על מנת ליצור הרתעה כלפי הרבים. בית המשפט גזר על הנאשם 42 חודשים בפועל. הערעור על גזר הדין נדחה בע\פ 7217/99 בי\""מש מחוזי באר שבע. כפי שצויין, עבירה של החדרת סם לכלא הינה חמורה ביותר. אסירים רבים זקוקים לסם, שלעיתים קובע גם את \""מעמדם\"" ביו כותלי בית הסוהר. שלטונות שב\""ס מנהלים מלחמת חורמה בנגע סמים, העלול להפר את השלטת הסדר בבית הסוהר ומשפיע לעיתים על גילויי אלימות בין האסירים. יפים לעניין זה, דברי כב' השופט לוי בע\""פ 6143/03 יאיר פורטל נ' מדינת ישראל: \""תופעת הברחתם של סמים אל בין כותלי הכלא מוכרת וידועה, וחרף המאמצים הבלתי נילאים שעושה שב\""ס כדי להדבירה, נראה כי יעד זה רחוק מהשגה. לפיכך, כשנלכדים אדם או חבורה אשר קשרו קשר לבצע עבירה מסוג זה, נכון יעשה בית המשפט המוסמך אם יכביד עליהם את ידו, הן כדי לגמול להם על חטאתם, וגם כדי לטעת בתעודת הרבים מהו המחיר אותו עלול לשלם מי שנוטל על עצמו את הסיכון של החדרת סמים לבית סוהר\"". הספקת סם מסוכן, המתבצעת באולם בית המשפט, אינה פעולה ספונטנית. היא אינה יכולה לצאת מן הכוח אל הפועל ללא תכנון, תיאום ושיתוף פעולה. יתרה מזאת, דומני, כי מנסיבות האירוע, עליהן עמדתי בהכרעת הדין, אלמלא הסם נתפס בזכות עירנותה של סוהרת שב\""ס, הסם היה עושה את דרכו לכלא, משום שהנאשמת 1 אסירה. כדי לבצע את זממו, ניצל הנאשם לרעה את העובדה שהדיונים בבית המשפט מתנהלים בדלתיים פתוחות. אולם בית המשפט הינו \""מקדש מעט\"" של מערכת אכיפת החוק, ומחייב כבוד ונורמות התנהגות קפדניות. הנאשם עבר את העבירות המיוחסות""",train
"לקולא, אתחשב בגילו הצעיר של הנאשם, נסיבותיו האישיות והמשפחתיות הקשות כמפורט בתסקיר, הודאתו שחסכה זמן שיפוטי יקר, הבעת החרטה והצהרתו בדבר רצונו לשקם את חייו. לאחר שהקשבתי לטיעוני ב\כ הצדדים ועיינתי בתסקיר שירות המבחן, ושקלתי את מכלול השיקולים הרלוונטיים, הן לחומרה והן לקולא כמפורט בדברי ב\""כ הצדדים, הנני גוזר על הנאשם את העונשים הבאים: שלוש שנות מאסר לריצוי בפועל - בניכוי ימי מעצרו בתיק דנן. 12 חודשי מאסר על תנאי, למשך 3 שנים מיום שחרורו מהכלא, שלא יעבור עבירות אלימות מסוג פשע. 6 חודשי מאסר על תנאי, למשך 3 שנים מהיום, שלא יעבור עבירות אלימות מסוג עוון.""",train
"המאסר המותנה בן 6 חודשים מת.פ 861/08 (שלום אשקלון) באופן מצטבר למאסר שהושת בסעיף א' לעיל. מורה על הפעלת המאסר המותנה בן חודשיים בת.פ 5241-03-10 (שלום אשקלון), באופן חופף למאסר שהושת בסעיף א' לעיל. 12 חודשי מאסר על תנאי למשך 3 שנים מיום שחרורו מהכלא שלא יעבור עבירות אלימות מסוג פשע. 6 חודשי מאסר על תנאי למשך 3 שנים מיום שחרורו מהכלא שלא יעבור עבירות של תקיפת שוטר, איומים, העלבת עובד ציבור. פיצוי בסך 2,500 ₪ לכל אחד מהמתלוננים- ע.ת 2 ו-3.",train
"שהושתו עליהם, על 24 חודשי מאסר לריצוי בפועל. ת\פ (מרכז) 29839-07-11 מדינת ישראל נגד אלעד צוברה, הנאשם הורשע על פי הודאתו בעבירות של נשיאת נשק (העברת מטען ברכב), מעשה פזיזות ורשלנות והפרעה לשוטר במילוי תפקידו. בית המשפט השית על הנאשם 34 חודשי מאסר בפועל, מאסר על תנאי בן 12 חודשים, קנס כספי בסך 4,000 ₪. ת\""פ (ת\""א) 40122/06 מדינת ישראל נגד ברוך זוארץ. הנאשם הורשע על פי הודאתו בעבירות של נשאית נשק והובלתו, שימוש ברכב ללא רשות, ומעשה פזיזות ורשלנות, בכך שהוביל ברכבו טיל לאו ותת מקלע, מחסנית, וחומר דליק. הושתו על הנאשם 45 חודשי מאסר, 18 חודשי מאסר על תנאי ופסילת רישיון למשך 6 חודשים. ת\""פ (חיפה) 5739-01-09 מדינת ישראל נגד וואיל היב. הנאשם הורשע על פי הודאתו בביצוע עבירות בנשק ובניסיון להרוס נכס בחומר נפיץ. הנאשם הצטייד ברימון והשליכו לעבר ביתו של המתלונן, אולם הרימון לא התפוצץ מחמת תקלה. הנאשם צעיר, בן 24 ולחובתו הרשעה אחת בלבד. בית המשפט השית על הנאשם 3 שנות מאסר בפועל, 24 חודשי מאסר על תנאי, קנס בסך 5,000 ₪. ת\""פ (חיפה) 39667-01-11 מדינת ישראל נגד חוסיין ח'ליל. הנאשם הורשע על פי הודאתו בעבירות נשק (נשיאת נשק ונשיאת אבזר ותחמושת), הפרעה לשוטר וניסיון לבריחה ממשמורת חוקית, כאשר הנאשם נשא בבגדיו אקדח, מחסנית ותחמושת. בגין עבירות הנשק, נידון הנאשם ל 50 חודשי מאסר לריצוי בפועל ו 12 חודשי מאסר כל תנאי. ת\""פ (חיפה) 11904-09-10 מדינת ישראל נגד מחמוד מרזוק. הנאשם הורשע לאחר ניהול הוכחות בעבירות של החזקת ונשיאת נשק, הפרעה לשוטר במילוי תפקידו ותקיפת שוטר בנסיבות מיוחדות, כאשר הנאשם החזיק והוביל אקדח חצי אוטומטי ומחסנית ריקה. הנאשם נידון ל 48""",train
"של חברים ובני משפחה שסייעו לנאשם לגייס את הסכום הדרוש לטיפול. לדברי ד\ר רונית אלוני, הרופאה המטפלת בו, הנאשם נמצא בטיפולה למעלה משנה, מגלה מוטיבציה מלאה לטיפול ושיתוף פעולה מלא. אשר לשיקולי השיקום, להערכת ד\""ר אלוני הנאשם נמצא בתהליך של שיקום אשר יגדע באם ישלח למאסר מאחורי סורג ובריח. בנוסף, מאסר עלול לגרום לרגרסיה בטיפול וכן במצבו האישי של הנאשם והוא עלול להפוך מטרה לפגיעה מינית ע\""י עבריינים בכלא ולגרום לכך שלא יוכל להשתקם. עוד להערכת ד\""ר אלוני, טיפול תרופתי אינו מתאים למצבו של הנאשם כיום מאחר והוא מגיב בצורה חיובית לטיפול שהוא מקבל ואין לשקול טיפול תרופתי אלא כמוצא אחרון. יתירה מכך, מבלי להקל ראש חלילה בחומרת העבירה, מדובר במעשה מהרף הנמוך יחסית בתחום העבירות של מעשה מגונה בקטין, כאשר הקטין ככל הנראה לא שם לב למעשה מאחר ומי שהעיר את תשומת לב אביו לכך היא עוברת אורח שעברה במקום ולא הקטין בעצמו. במסגרת השיקולים לקולא יש לשקול אף את מצבו הבריאותי של הנאשם- מדובר באדם המוכר כנכה ע\""י המל\""ל, סובל מסכרת ומבעיות נפשיות. יש לשקול אף את תקופת שהייתו במעצר וכן את משך הזמן בו היה נתון במעצר בית ותחת תנאים מגבילים. בע\""פ 6768/05 מ\""י נ' פלוני [פורסם בנבו] (אשר הורשע בעבירה של אינוס ומעשה מגונה כלפי קטינה בת משפחה ונידון ל-6 חודשי מאסר בעבודות שירות, מאסר על תנאי, צו מבחן ופיצוי), שם נדחה ערעור המדינה על קולת העונש, אימץ בית המשפט העליון את גישתו של בית המשפט המחוזי בכך שנתן מעמד בכורה לשיקולי השיקום על פני שיקולי הגמול וההרתעה וקבע כי שיקולי השיקום מתיישבים עם האינטרס הציבורי. יש לציין שהנאשם שהה במסגרת תיק""",train
"לקולא, יש להתחשב בהודאת הנאשם שחסכה זמן שיפוטי, נסיבותיו האישיות והמשפחתיות כנטען על ידי הסנגור, כמות הסם (הלא גדולה יחסית) וסוג הסם שאינו נמנה על סוגי הסמים הקשים (\סם המוות\""), שהוחזק לצריכה עצמית בבית מגוריו, על אף שקיימת פסיקה שגורסת שאין הבדל בין סמים קשים לסמים קלים, בשים לב לפגיעה הקשה בחברה וההשלכות השליליות על כלל החברה כתוצאה מנגע הסמים. לאחר שבחנתי את מכלול השיקולים, הן לחומרה והן לקולא כמפורט בטיעוני ב\""כ הצדדים, הנני דן את הנאשם לעונשים הבאים: 12 חודשי מאסר על תנאי, למשך 3 שנים מיום שחרורו מהכלא, שלא יעבור עבירות בניגוד לפקודת הסמים המסוכנים מסוג פשע. קנס בסך 50,000 ₪ או שלושה חודשי מאסר תמורתו. הקנס ישולם בעשרה תשלומים שווים ורצופים החל מיום 01.09.2012.""",train
"לקולא אתחשב בהודאת הנאשם שחסכה זמן שיפוטי יקר, בתיקון כתב האישום, בחרטה שהביע על מעשיו ובנסיבותיו האישיות והמשפחתיות כפי האמור לעיל. מכל האמור לעיל ולאחר ששקלתי את מכלול השיקולים, הן לחומרא והן לקולא, הנני גוזר על הנאשם את העונשים הבאים: מורה על הפעלת המאסר המותנה בן חודשיים מת.פ. 3214/08 בימ\ש באר שבע, באופן שמחציתו במצטבר ומחציתו בחופף למאסר שהושת בסעיף א' לעיל. 10 חודשי מאסר על תנאי למשך שלוש שנים מיום שחרורו מהכלא שלא יעבור עבירות אלימות מסוג פשע. 6 חודשי מאסר על תנאי למשך שלוש שנים מיום שחרורו מהכלא שלא יעבור עבירות אלימות מסוג עוון או עבירת איומים.""",train
"לו אל מול סמל המדינה ודגלה בנוכוחות השופט שדן בעניינה של רעייתו של הנאשם בגין עבירות בניגוד לפקודת הסמים המסוכנים. מעשיו של הנאשם, בנסיבות שתוארו לעיל, עולים כדי חציית גבולות, מבטאים עזות מצח ומלמדים על זלזול עמוק ואי מורא הדין. משנה חומרה יש בכך שהנאשם סיפק את הסם בתוך אולם הדיונים, במהלך הדיון ובמעמד השופט, תוך הכשלת היחידה המופקדת על ליווי אסירים. בעבירה חמורה, כגון זו \יש להסיג אחור את השיקולים האישיים של העבריין מפני הנזקים הקשים שהסמים מביאים לחברה הישראלית\"" העין הציבורית צופה לענישה המבטאת את סלידת הציבור ממעשים כאלה, הוקעתם והרתעה מביצועם. עפ\""י ההלכה הפסוקה כל עבירה של הספקת סם מחייבת תגובה עונשית מחמירה במסגרת המאבק הבלתי מתפשר בנגע הסמים. אם כך הם פני הדברים בדרך כלל, הרי שבנסיבותיה של פרשה זו נכונים הדברים פי כמה וכמה. במסגרת הראיות, התגלה כי הנאשם נחוש היה לבצע את זממו חרף העובדה שהסוהרת העבירה את הנאשמת למושב אחר הרחק מהנאשם, חזר הנאשם להתיישב מאחוריה במטרה לספק את הסם וכך עשה עובר לתפיסתו ומעצרו, הכל במעמד הדיון ובנוכחות כב' השופט גד גדעון, תוך הכשלת השוטרים במילוי תפקידם והפסקת הדיון. במעשיו אלה, שוב הפגין הנאשם עזות מצח, זלזול מופגן בהוראות החוק ובגורמי אכיפת החוק השונים, והעדר כל מורא מפני הדין. הפסיקה הדגישה כי יש לשאוף, בנסיבות המתאימות, אל העונש המקסימלי שנקבע בחוק. המחוקק הקציב עונש של 20 שנות מאסר בגין עבירה של הספקת סם מסוכן. אולם, משבחרה התביעה עפ\""י סמכותה להגיש את כתב האישום בבית המשפט השלום, נקבע כי העונש המקסימלי לא יעלה על 7 שנות מאסר. באשר לנסיבות לקולא, שציין ב\""כ הנאשם בטיעוניו אודה כי לא מצאתי בעובדה""",train
"לאחר ששקלתי את טיעוני ב\כ הצדדים הן לחומרא והן לקולא, הנני גוזר על הנאשם את העונשים הבאים: א. 6 חודשי מאסר לריצוי בפועל שמניינם מיום מעצרו, 31.10.09 עד ליום 5.5.10. ב. 12 חודשי מאסר על תנאי למשך 3 שנים מהיום, שלא יעבור עבירת רכוש מסוג פשע. ג. 6 חודשי מאסר על תנאי למשך 3 שנים מהיום, שלא יעבור עבירת רכוש מסוג עוון. ד. קנס כספי בסך 1,000 ₪ או 10 ימי מאסר תמורתו. הקנס ישולם עד ליום 16.2.11. זכות ערעור תוך 45 יום. הנאשם הובא בפניי בצו הבאה והואיל וניתן גזר דין – הנני מורה על שחרורו.""",train
"לענייננו – הנאשמת לא הסירה את המחדלים נשוא כתב האישום, ועל אי הסרת מחדלים יש בוודאי השלכה לעניין העונש כפי שנפסק רבות על ידי בתי המשפט. קל וחומר, כאשר הסנגור עותר לביטול ההרשעה. כאשר אני מאזן בין האינטרס הציבורי בעבירות נשוא כתב האישום, לבין נסיבותיה האישיות של הנאשמת, גובר האינטרס הציבורי בעבירות נשוא הרשעת הנאשמת, ובעיקר על רקע אי הסרת המחדלים עד כה. לאחר ששקלתי את מכלול השיקולים, הן לחומרא והן לקולא כמפורט בדברי ב\כ הצדדים לעיל, הנני דן את הנאשמת לעונשים הבאים: הנאשמת תבצע של\""צ בהיקף 350 שעות בהתאם לתוכנית שתגובש על ידי השירות. קנס כספי בסך 5,000 ₪ או 30 ימי מאסר תמורתו. הקנס ישולם ב – 20 תשלומים שווים ורצופים החל מיום 1.6.2010. חתימת התחייבות כספית על סך 30,000 ₪, שלא תעבור עבירה דומה משך 3 שנים מהיום. שירות המבחן יגיש תוכנית של\""צ עד ליום 11.7.2010.""",train
"300 שעות, התחייבות כספית וצו מבחן למשך שנה, המדובר בהמלצה, ועל כן אין לבוא בטרוניה כלפי שירות המבחן אשר בעיקר שם לנגד עיניו את השיקולים הנוגעים לנאשם ולשיקומו, בעוד בית המשפט אמון לבחון קשת רחבה של שיקולי הענישה הרלוונטיים לרבות אינטרס כלל הציבור נפיצות העבירה, חומרתה, שיקולי גמל והרתעת הרבים ואין לבוא לשירות המבחן בטרוניה על גישה זו (ע\פ 1399/91 רוני ליבוביץ' נ' מדינת ישראל ) לגופו של עניין, לא שוכנעתי שמתקיימות נסיבות חריגות ומיוחדות כפי שנדרש על פי הלכת רומנו, כדי לבטל את הרשעת הנאשם. המלצת שירות המבחן אינה מתיישבת עם האינטרס הציבורי בכלל ובמקרה שבפניי, בפרט, בשים לב לחומרת המעשה כמתואר לעיל, בנוסף נוכח נגע האלימות הפושה בחברה והשלכותיה הקשות של תופעת האלימות, על כלל החברה ועל הביטחון האישי בפרט של האזרחים. במקרה שבפניי, שיקולי הענישה, ההרתעה והצורך להגן על הציבור מפני מעשי בריונות דוגמת אלה שבוצעו על ידי הנאשמים, גוברים כאמור על אלמנט השיקום. במקרה רבים, חזר והדגיש בית המשפט העליון, כי התנהגות בריונית ופגיעה בקורבן... אסור שגילם הצעיר של הנאשמים בכלל, והשיקול השיקומי, יביא לכך שעבירות אלו יתפרשו כנסלחות וכלא היו – ראה לעניין זה ע\""פ 5576/10. נדמה לי שמוסכם על כולם, כי אסור לנו כחברה להיכנע לאלימות, וכי יש להילחם בה בכל הכלים שברשותנו. לדאבון הלב, חלקם של הצעירים איננו מבוטל ותרומתם לאלימות הכללית בחברה – משמעותית, דבר שמחייב יד קשה. יחד עם זאת, ברור כי אין בכוחה של ענישה בלבד לפתור את הבעיה, ודרושה פעולה חינוכית משולבת, רחבה ויסודית. בכתב האישום נשוא הרשעת הנאשם נידונו שותפיו לעבירה (נאשמים 1 ו-3), לתקופת מאסר של 3 שנים לריצוי בפועל, 12 חודשי מאסר""",train
"באה לידי ביטוי החומרה המיוחדת שבעבירה. בין היתר, ייתן בית המשפט דעתו על סוג הנשק המוחזק שלא כדין, על כמותו, על התכלית שלשמה הוא מוחזק ועל הסכנה המוחשית שיעשה בו שימוש (השוו ב\ש 625/82 מחמוד נ' מדינת ישראל[1]). כאשר מדובר בנשק שעל פי טיבו אינו מיועד להגנה עצמית, וכל כולו נשק התקפי רב עוצמה אשר השימוש בו יכול להביא להרג ללא הבחנה, יש בעבירות ההחזקה והנשיאה של אותו נשק חומרה מיוחדת\"". מדיניות הענישה הנהוגה מעלה כי במקרים דומים הוטלו על הנאשמים עונשים אשר נעים החל ממאסר בן 22 חודשים וכלה בעונשי מאסר בני 66 חודשים. כך למשל: ע\""פ 8717/06 אבי טולידו נגד מדינת ישראל. המערער הורשע לאחר ניהול הוכחות בעבירות של נשיאת נשק, החזקת נשק בלא רשות והכנת עבירה בחומרים מסוכנים. המערער הכין מרכיבים המשמשים להכנת מטען חבלה, שכללו שתי לבנות חבלה ומכשיר טלפון סלולרי, והחביאם סמוך לחניית בניין. בית המשפט המחוזי בתל אביב השית על המערער 5 שנות מאסר בפועל וכן הופעל במצטבר עונש מאסר על תנאי בן שנה, כך שסה\""כ נגזר עליו 6 שנות מאסר בפועל. בית המשפט העליון לא נעתר לערעור לרכיב תקופת המאסר שהוטלה בגין תיק זה, אולם חפף חלקית את עונש המאסר המותנה, כך שמחצית שנה מתוך שנת המאסר תרוצה בחופף לעונש המאסר בן 5 שנים. סה\""כ יהא מאסרו של העורר 5 וחצי שנים. ע\""פ 1332/04 מדינת ישראל נגד פס, המערערים הורשעו על פי הודאתם בעבירות של נשיאת נשק וקבלת נכסים שהושגו בפשע. בית המשפט המחוזי גזר על המערערים עונש של 15 חודשי מאסר בפועל, ו 18 חודשים מאסר על תנאי. בית המשפט העליון קיבל את הערעור והעמיד את עונש המאסר""",train
"לאחר ששקלתי את טיעוני ב\כ הצדדים הן לחומרא והן לקולא, ולאחר שעיינתי בתסקירים שגובשו בעניינו של הנאשם, החלטתי לבכר את שיקולי השיקום על פני שיקולי הגמול וההרתעה וזאת בשים לב להליך הטיפולי שעבר ועודנו עובר הנאשם, כמפורט בתסקיר, עוד בשים לב לחלוף הזמן מיום ביצוע העבירה, נסיבות ביצוע העבירה כמפורט לעיל, כמות הסם המזערית יחסית, הודאת הנאשם שגרמה לחסיכת זמן שיפוטי יקר, נטילת אחריות על מעשיו. כל זאת, בתקווה שהנאשם אכן שינה את דרכיו, כמו כן כדי לסייע בידי הנאשם להמשיך ולנהל אורח חיים נורמטיבי, דבר שמתיישב גם עם האינטרס הציבורי במקרים המתאימים. אשר על כן, הנני דן את הנאשם לעונשים הבאים: 12 חודשי מאסר על תנאי למשך 3 שנים מהיום שלא יעבור עבירת סמים מסוג פשע. צו מבחן למשך שנה מהיום – הנאשם נדרש להמשיך ולשתף פעולה עם שירות המבחן ככל שיידרש.""",train
"לענייננו יפים דברי בית המשפט העליון בעניינו של קטין שהיה מעורב בעבירת אלימות וחרף קטינותו לא התערב בעונש של ארבע שנות מאסר בפועל – ע\פ 1463/09: יחד עם זאת, בשלב גזירת העונש עלינו להביא בחשבון את מגוון השיקולים ולאזן ביניהם בצורה הראויה בהתאם לנסיבות המקרה. עקרון חשוב – אך לא יחיד – שעלינו לקחת בחשבון, הינו עקרון אחידות הענישה. עקרון זה נגזר מעקרון שוויון הנאשמים בפני החוק, ומורה כי על מצבים דומים מבחינת אופי העבירות והנסיבות האישיות ראוי להחיל במידת האפשר שיקולי ענישה דומים. .. עקרון אחידות הענישה אינו חזות הכול והנו אך אחד משיקולי הענישה. באשר להמלצת שירות המבחן בעניינו של הנאשם 3, דהיינו - השתת מאסר שירוצה בעבודות שירות וצו מבחן למשך שנה, בעניינו של הנאשם 1 תקופת מאסר בת שנה – המדובר בהמלצה וכשמה היא. מה גם, מתמקדת כידוע בטובת הנאשם ושיקומו, בעוד בית המשפט אמון לבחון קשת רחבה של שיקולים. לגופו של עניין, בנסיבות המקרה שבפניי, המלצת שירות המבחן אינה מתיישבת עם האינטרס הציבורי בכלל ובמקרה שבפניי, בפרט, בשים לב לחומרת המעשה כמתואר לעיל, בנוסף נוכח נגע האלימות הפושה בחברה והשלכותיה הקשות של תופעת האלימות, על כלל החברה ועל הביטחון האישי בפרט של האזרחים. במקרה שבפניי, שיקולי הענישה, ההרתעה והצורך להגן על הציבור מפני מעשי בריונות דוגמת אלה שבוצעו על ידי הנאשמים, גוברים כאמור על אלמנט השיקום. במקרה רבים, חזר והדגיש בית המשפט העליון, כי התנהגות בריונית ופגיעה בקורבן... אסור שגילם הצעיר של הנאשמים בכלל, והשיקול השיקומי, יביא לכך שעבירות אלו יתפרשו כנסלחות וכלא היו – ראה לעניין זה ע\""פ 5576/10. נדמה לי שמוסכם על כולם, כי אסור לנו כחברה להיכנע לאלימות,""",train
"שהנאשם בן 50 משום נסיבה לקולא. נהפוך הוא, מדובר בנאשם בגיר, בשל, נשוי אב לילד, ההליכים המשפטיים לא זרים לו לרבות פקודת הסמים. דווקא מאדם, כגון הנאשם בפני, שריצה בעברו מאסרים מאחורי סורג ובריח, הייתי מצפה שלא יחצה את הקווים עד כדי מעשה מכוער ונבזי זה. לאחר ששקלתי את מכלול השיקולים הרלוונטיים, הנני דן את הנאשם לעונשים הבאים: הנני מורה על הפעלת המאסר המותנה בן 12 חודשים מת\פ 1479/07 באופן מצטבר למאסר שהושת בסעיף א' לעיל. 12 חודשי מאסר על תנאי, למשך 3 שנים מיום שחרורו מהכלא, שלא יעבור עבירה בה הורשע. הנני פוסל את הנאשם מלהחזיק או לקבל רישיון נהיגה לתקופה של 12 חודשים מיום שחרורו מהכלא.""",train
"במשנה תוקף ביחס להחדרת הסמים והפצתם בתוך כותלי הכלא: בענייננו, מעשיו של הנאשם מלמדים על תעוזה ומבטאים זלזול במערכת אכיפת החוק. החדרת הסמים מגדילה השימוש והסחר בתוך הכלא, מגבירה פעילות עבריינית ואי סדרים ומסכלת ניסיונות לגמילה מסמים, בתוך הכלא או המעצר. עוד אציין, כי הנאשמת 1 לכתב האישום – רעייתו של הנאשם, בחרה להודות במסגרת הסדר בעובדות כתב האישום המתוקן בעבירה של החזקת סם לצריכה עצמית ונידונה לשנת מאסר בפועל באופן מצטבר למאסר בן 33 חודשים שמרצה בגין כתבי אישום גם בגין פקודת הסמים המסוכנים. ראוי להדגיש, כי סברתי בעניינה להשית את העונש המקסימלי, דהיינו 3 שנות מאסר, אולם לפנים משורת הדין ובהתחשב בעובדה שהובאה בפניי כאסירה שנידונה ל – 33 חודשי מאסר, החלטתי שלא למצות את הדין עימה והסתפקתי בעונש מתון יותר. קיימת פסיקה עניפה המתייחסת לעבירות של החדרת סם לכלא. מדובר במקרים רבים המתרחשים לעיתים קרובות, מאידך, עבירות של הספקת סם בין כותלי בית המשפט ובמיוחד באולם בית המשפט בעת ניהול דיון אינן שכיחות, יחסית, שכן הן מחייבות תכנון ותיאום, תעוזה רבה, הסיכון להיתפס בכף גדול ולכן הפסיקה דלה מאוד. חיפשתי ומצאתי מקרה דומה אך לא זהה בעניינו של נאשם שהורשע עפ\י הודאתו בעבירה של הספקת סם מסוג הרואין במשקל של . הנאשם העביר את הסם במתחם בית המשפט בעת הובלתו ע\""י שוטרי הליווי. כבוד סגן הנשיא, השופט זלוצ'ובר (כתוארו דאז) שדן בעניינו קבע כי מדובר במקרה חמור, לפחות כמו מקרה של אסיר המחדיר סם לכלא ואף למעלה מכך, שכן מדובר בהספקת סם לעצור מתחת לחוטמם של שוטרי הליווי ובמתחם בית המשפט. עוד קבע בית המשפט, כי הסיכוי להיתפס בביצוע עבירה כזו אינו גבוה,""",train
"חודשי מאסר בפועל, 12 חודשים מאסר על תנאי. ת\פ (י\""ם) 2077/06 מדינת ישראל נגד אריש ואחרים. הנאשם 5 הורשע על פי הודאתו בעבירה של הובלת נשק. נידון ל 22 חודשי מאסר בפועל. בעניינינו, מעשיהם של הנאשמים דרשו תכנון מוקדם והיערכות. הנאשמים תכננו וקשרו קשר לביצוע העבירה, נסעו ברכב בצוותא מאזור הדרום לפתח תקווה, כאשר במשך היום פגשו אנשים שונים, ובהמשך אדם רכוב על אופנוע העביר להם חפץ כלשהו, וכאשר נעצרו נמצא ברכבם מטען החבלה. על חומרת הנזק שבעבירה אין לי אלא להפנות לפסיקה של בית המשפט העליון שציינתי לעיל. סבורני כי מתחם העונש ההולם למקרה נע בין 30 חודשי מאסר לבין 5 שנות מאסר. מתחם זה הינו בהתחשב בערך החברתי שנפגע, במידת הפגיעה בו, במדיניות הענישה הנהוגה ובנסיבות הקשורות בביצוע העבירה. לא מצאתי במקרה דנן שיקולים לחריגה מן המתחם, לחומרה או לקולא. סעיף 40יא לחוק קובע, כי בגזירת העונש המתאים לנאשם, בגדרי מתחם העונש ההולם, רשאי בית המשפט להתחשב בהתקיימות נסיבות שאינן קשורות בביצוע העבירה, ובמידה שבה התקיימו, ככל שסבר כי ראוי לתת להן משקל בנסיבות המקרה: הפגיעה של העונש בנאשם; הפגיעה של העונש במשפחתו של הנאשם; הנזקים שנגרמו לנאשם מביצוע העבירה ומהרשעתו; נטילת האחריות של הנאשם על מעשיו; מאמצי הנאשם לתיקון תוצאות העבירה ולפיצוי הנזק שנגרם בשלה; שיתוף הפעולה של הנאשם עם רשויות אכיפת החוק; התנהגותו החיובית של הנאשם ותרומתו לחברה; נסיבות חיים קשות של הנאשם שהיתה להן השפעה על ביצוע מעשה העבירה; חלוף הזמן מעת ביצוע העבירה ועברו הפלילי של הנאשם. בעניינו של הנאשם 1 – הנאשם בן 32, נשוי ואב לשני ילדים, אשתו חולה במחלת הסרטן, הוא המפרנס היחיד המשפחה, כיום מצויים בהליכי""",train
"לקולא, אתחשב בהודאתו שחסכה זמן שיפוטי יקר, נסיבותיו האישיות והמשפחתיות הקשות והמורכבות בעוד מהיותו קטין, הבעת החרטה, הצהרתו בדבר רצונו בתום מאסרו לנהל אורח חיים נורמטיבי ולהקים בית בישראל. לאחר ששמעתי את טיעוני ב\כ הצדדים ושקלתי את מכלול השיקולים הרלוונטיים, הן לחומרה והן לקולא כמפורט לעיל, הנני גוזר על הנאשם את העונשים הבאים: מורה על הפעלת המאסר המותנה בן 7 חודשים מת\""פ 1519/09 בית משפט השלום אילת, לריצוי באופן מצטבר למאסר שהושת בסעיף א' לעיל. 12 חודשי מאסר על תנאי, למשך 3 שנים מיום שחרורו מהכלא, שלא יעבור עבירות סמים מסוג פשע. הנני פוסל את הנאשם מלהחזיק או לקבל רישיון נהיגה לתקופה של 24 חודשים. היה ותלוי ועומד כנגד הנאשם עונש פסילה נוסף – הכול במצטבר.""",train
"לקולא, אתחשב בגילו המבוגר של הנאשם, עברו הנקי, מצבו הבריאותי הרעוע, נסיבותיו האישיות והמשפחתיות כמפורט בתסקיר, הודאתו שחסכה זמן שיפוטי יקר, הבעת החרטה. לאחר שהקשבתי לטיעוני ב\כ הצדדים וכן עיינתי בתסקיר שירות המבחן, החלטתי שלא למצות את מלוא חומרת הדין עם הנאשם, בעיקר בשל מצבו הבריאותי הרעוע וגילו המבוגר וכן התנהלותו הנורמטיבית משך שנות חייו עובר למעצרו, בתקווה שמדובר באירוע חריג לאורחות חייו. אשר על כן, הנני גוזר על הנאשם את העונשים הבאים: 12 חודשי מאסר על תנאי למשך 3 שנים שלא יעבור מיום שחרורו מהכלא, עבירה בה הורשע.""",train
"בעניינו של הנאשם, אפנה לדברים שכתבתי בגזר הדין שניתן בעניינם של שותפיו לכתב האישום, נאשמים 1 ו-3: כדי להתייחס לטיעוני ב\כ הצדדים ביחס לחלקו של כל נאשם, הוסכם שבית המשפט יצפה בסרטון המתעד את המעשה נשוא הרשעת הנאשמים, ואכן כך עשיתי. לאחר צפייה בסרטון, מצטיירת לה תמונה קשה של מעשה בריונות כלפי המתלונן, כאשר בשלב הראשון נצפה שהוא מוקף בשלושת הנאשמים ואחרים, מוכה קשות בבעיטות בכול חלקי גופו, ובשלב השני, כתוצאה מהמכות, נפל ארצה ובעודו שרוע על הרצפה ומנסה להתרומם שוב, מתעצמת ומסלימה רמת האלימות המונחתת על כל איבר בגופו, עד שאיבד את הכרתו ונותר בגפו זב דם. בהמשך, נצפו הנאשמים והאחרים נמלטים מהמקום ללא מתן עזרה כלשהי למתלונן – לעניין זה צודקת ב\""כ המאשימה שלא בכדי נאמר – תמונה אחת שווה אלף מלים!!! אין חולק, שממעשיהם של הנאשמים מתגלמת אכזריות המעידה על דפוסי התנהגות אלימים קשים נעדרי חמלה. ביטוי לחומרת המעשים נמצא בתיעוד הרפואי, ממנו עולה, כי אך בנס ניצלו חייו של הקורבן, וכפסע היה בין החיים למוות, ורק בזכות ההתערבות הרפואית כאשר מיד עם הגעתו לבית החולים בוצעה לו החייאה ואינטובציה, בהמשכה הועבר ליחידת הטראומה כשהוא מחובר למכשיר הנשמה. צודקת ב\""כ המאשימה, כי כל אבחנה שתיעשה בעניין חלקו של מי מהנאשמים, הינה אבחנה מלאכותית אשר מלבד הרצון למזער את חלקו של כל נאשם - אין מאחוריה דבר. לענייננו יפים דברי בית המשפט העליון בעניינו של קטין שהיה מעורב בעבירת אלימות וחרף קטינותו לא התערב בעונש של ארבע שנות מאסר בפועל – ע\""פ 1463/09: בע\""פ 5576/10 פלוני נ' מדינת ישראל: יחד עם זאת, בשלב גזירת העונש עלינו להביא בחשבון את מגוון השיקולים ולאזן ביניהם בצורה""",train
"לאחר ששקלתי את טיעוני ב\כ הצדדים, ועיינתי בתסקיר שגובש בעניינו של הנאשם, החלטתי לאמץ את בקשת הצדדים לעניין העונש. באשר לביטול ההרשעה – לא הונחה בפניי תשתית עובדתית כדי לבחון שאלת ביטול ההרשעה בהתאם למבחנים שנקבעו בהלכת תמר כתב. א. 6 חודשי מאסר על תנאי, למשך 3 שנים מהיום, שלא יעבור עבירה בה הורשע. פיקוח שירות המבחן למשך שנה מהיום – הנאשם נדרש לשתף פעולה עם שירות המבחן במהלך צו המבחן ככל שיידרש. ניתנה והודעה היום כ\""א אייר תש\""ע, 05/05/2010 במעמד הנוכחים.""",train
"4 לאחר ששקלתי את טיעוני ב\כ הצדדים, הן לחומרא והן לקולא כמפורט לעיל, החלטתי שלא למצות את הדין עם הנאשם, בתקווה שמדובר בכישלון חד פעמי של הנאשם. אשר על כן, הנני דן את הנאשם לעונשים הבאים: 6 חודשי מאסר על תנאי, למשך 3 שנים מהיום, שלא יעבור עבירות בניגוד לפרק יא' לחוק העונשין, למעט החזקת נכס חשוד כגנוב. קנס בסך 1,000 ₪ או עשרה ימי מאסר תמורתו. הקנס יקוזז מהפיקדון. היה ולא קיים פיקדון – הקנס ישולם עד ליום 01.06.2011.""",train
"לענייננו, הענישה של עבירת השוד, נקבע ככלל עונש מאסר מאחורי סורג ובריח. לא כל שכן שהיא נעברת בצירוף נשק, ובנסיבות חמורות. בענייננו, יצוין, כי הנאשם ביצע את המעשה בהיותו משרת כשוטר במשמר הגבול, כך שבמידה וישנה חומרה יתרה בביצוע עבירה כלפי שוטר, ישנה חומרה יתרה בביצוע עבירה על ידי שוטר. המעשה של הנאשם הינו מעשה חמור ומכוער, ומשנה חומרה כאשר המעשה מבוצע כלפי חבר מילדות. אין להקל ראש במעשה בו הורשע הנאשם וחובה על בית המשפט להעביר מסר ברור וחד משמעי, כי רואה הוא בחומרה רבה את המעשה, כך ששיקוליו של בית המשפט צריכים להיעשות גם בהיבטים כלליים של ענישה (מניעה, גמול, הרתעה ועוד). יחד עם זאת, נקבע בפסיקה, כי: \ענישתנו היא אינדיבידואלית של כל עבריין באשר הוא שם. זאת תורת הגישה האינדיבידואלית ותורת הענישה, המקובלת עלינו כקו מנחה בסוגיה קשה וסבוכה זו של הענישה ומטרותיה, ואין אנו רשאים \""להקל\"" על עצמנו ולהחמיר עם הנאשם, מתוך הסתמכות על הנימוק והחשש שמא הקלה במקרה מסוים הראוי לכך תשמש תקדים למקרים אחרים שאינם ראויים לכך. חזקה על בית המשפט שידע לאבחן בין מקרה למקרה לגופו של הנסיבות ולעיצומם של דברים...\"" (ראה ע\""פ 433/86, אטיאס נ' מדינת ישראל). ומן הכלל אל הפרט – אכן, המעשה בו הורשע הנאשם הינו מעשה חמור ביותר, המצדיק בדרך כלל הטלת מאסר מאחורי סורג ובריח. אולם, כאמור, הענישה היא אינדיבידואלית ויש להתאים את הענישה הן למעשה והן לעושה. לא בלי התלבטות, החלטתי במקרה זה, לבכר את שיקולי השיקום על פני שיקולי ההרתעה והגמול הן מהטעמים המפורטים בשני התסקירים שגובשו בעניינו של הנאשם והן מהטעמים שמנה ב\""כ הנאשם, בתקווה שמדובר באירוע חריג לאורחות חייו של""",train
"לקולא, יש להתחשב בהודאת הנאשמים שחסכה זמן שיפוטי יקר, מרבית הרכוש הוחזר לבעליו, החרטה שהביעו הנאשמים על מעשיהם. בהתחשב בטיעוני ב\כ הצדדים, הן לחומרה והן לקולא כמפורט לעיל, ולאחר עיון באסופת הפסיקה שהוגשה הן על ידי המאשימה והן על ידי ההגנה, לרבות נסיבותיו האישיות והמשפחתיות של כל נאשם, הנני דן את הנאשמים לעונשים הבאים: הנני מורה על הפעלת המאסר המותנה בן 12 חודשים מת\""פ 8205/06 בית משפט מחוזי באר שבע, באופן מצטבר למאסר שהושת בסעיף א' לעיל. 12 חודשי מאסר על תנאי, למשך 3 שנים מיום שחרורו מהכלא, שלא יעבור עבירות רכוש מסוג פשע או עבירה בניגוד לסעיף 332(2) לחוק העונשין. 6 חודשי מאסר על תנאי, למשך 3 שנים מיום שחרורו מהכלא, שלא יעבור עבירות בניגוד לחוק הכניסה לישראל או עבירת רכוש מסוג עוון. הנני פוסל את הנאשם מלהחזיק או לקבל רישיון נהיגה לתקופה של שלוש שנים. היה ותלוי ועומד כנגד הנאשם עונש פסילה נוסף – הכול במצטבר. בשים לב לתקופת המאסר הארוכה יחסית – הנני נמנע מלהשית קנס לחובת הנאשם, על אף שהיה מקום לעשות כן. 12 חודשי מאסר על תנאי, למשך 3 שנים מיום שחרורו מהכלא, שלא יעבור עבירות רכוש מסוג פשע. 3 חודשי מאסר על תנאי, למשך 3 שנים מיום שחרורו מהכלא, שלא יעבור עבירות בניגוד לחוק הכניסה לישראל. 12 חודשי מאסר על תנאי, למשך 3 שנים מיום שחרורו מהכלא, שלא יעבור עבירות רכוש מסוג פשע.""",train
"יעבור עבירות מסוג אלימות, לרבות איומים. 6 חודשי מאסר על תנאי למשך 3 שנים מיום שחרורו מהכלא, שלא יעבור עבירה מסוג הפרת הוראה חוקית. בהתחשב בתקופת המאסר שהוטלה על הנאשם, נמנעתי מלהכביד על הנאשם בתשלום קנס ופיצוי למתלוננים, בשים לב למצבו הסוציו-אקונומי הקשה.",train
"הנאשם. לאחר ששקלתי את מכלול השיקולים, התלבטתי לא מעט, אני גוזר על הנאשם את העונשים הבאים: 18 חודשי מאסר, מתוכם 6 חודשים לריצוי בעבודות שירות, והיתרה על תנאי, למשך 3 שנים מהיום, שלא יעבור עבירות מסוג פשע. צו מבחן למשך שנה מהיום, ועל כן נדרש הנאשם לשתף פעולה עם שירות המבחן ככל שיידרש. פיצוי למתלוננים אפרים פוקס ועמנואל איזיומסקי, על סך 4,000 ₪ כל אחד. הקנס והפיצוי יקוזזו מהפיקדון הקיים לזכות הנאשם בסך 13,000 ₪. הנאשם יתייצב בפני הממונה בתאריך שייקבע על ידי הממונה לתחילת ריצוי עבודות השירות, הואיל והמועד שנקבע 17.02.2013, חלף. הממונה ישלח הודעה מתאימה לבית המשפט תוך 45 יום.. הנאשם הוזהר, כי עליו לעמוד בתנאי הפיקוח וביקורות הפתע – כל הפרה בעבודות השירות תביא להפסקה מנהלית ולריצוי העונש במאסר ממש. עותק מגזר הדין יישלח לממונה על עבודות השירות וכן לשירות המבחן. זכות ערעור תוך 45 יום.<#4#> נסר אבו טהה 54678313-/",train
"לקולא, יש לזקוף לזכות הנאשם את הודאתו שחסכה זמן שיפוטי יקר, נטילת אחריות על מעשיו, נסיבותיו האישיות והמשפחתיות הקשות שאין ספק שהתנאים החברתיים והסוציו-אקונומיים שגדל בהם השפיעו על התנהגותו בכלל, לרבות מעורבותו הפלילית מגיל צעיר, הבעת חרטה על מעשיו, הצהרתו כי מיום מעצרו חדל לעשות שימוש בסמים וכן נכונותו והתחייבותו להמשיך ולשמור על ניקיונו מהסם. לעניין זה מצאתי כנות בדברי הנאשם על רקע השלכות מעשיו על עתיד ילדיו, כמפורט בדברי הנאשם לעיל ועל כן, החלטתי שלא למצות את מלוא חומרת הדין עמו. הנאשם יליד 1975, לחובתו הרשעות קודמות. הראשונה והשנייה משנת 1996 בגין עבירת שבל\ר וגניבת רכב; השלישית משנת 1999 בגין סחר בסם מסוכן ונידון במסגרתה ל-14 חודשי מאסר בפועל; הרביעית משנת 2002, מחוזי – תל-אביב, על רקע הרשעתו בהחזקת סם שלא לצריכה עצמית וגניבת רכב וכן צירוף תיקים ונידון ל-5 שנים ו-4 חודשי מאסר בפועל; החמישית משנת 2006 בגין החזקת סם שלא לצריכה עצמית ונידון ל-23 חודשי מאסר בפועל. המאשימה הפנתה ל-ע\""פ 4381/05 פאיז אבו זקיקה נ' מדינת ישראל, במסגרתו נידון המערער ל-4 שנות מאסר בפועל, על רקע הרשעות, על פי הודאתו, בהחזקת סם מסוכן מסוג הרואין במשקל 100 גרם, שלא לצריכתו העצמית. הערעור כנגד חומרת העונש נדחה וכן, ל-ע\""פ 810/11, במסגרתו המערער נידון ל-3 שנות מאסר בפועל על רקע הרשעתו בהחזקת סם שלא לצריכה עצמית, מסוג הרואין, במשקל של 59 גרם – הערעור על חומרת העונש נדחה. לאחר שבחנתי את מכלול השיקולים, הן לחומרה והן לקולא כמפורט בטיעוני ב\""כ הצדדים, הנני דן את הנאשם לעונשים הבאים: 12 חודשי מאסר על תנאי, למשך 3 שנים מיום שחרורו מהכלא, שלא יעבור עבירות בניגוד לפקודת הסמים המסוכנים""",train
"לקולא אתחשב בעברו הנקי של הנאשם, גילו הלא צעיר, הודאתו שחסכה זמן שיפוטי יקר, החרטה שהביע על מעשיו, נסיבותיו האישיות ומצבו הכלכלי הקשה. בנוסף אתחשב בהגשת הדוחות במלואן וכן בכוונתו להסיר את יתר המחדלים. מכל האמור לעיל ולאחר ששקלתי את מכלול השיקולים, הן לחומרא והן לקולא, הנני גוזר על הנאשמים את העונשים הבאים: 10 חודשי מאסר מתוכם 3 חודשים לריצוי בעבודות שירות, היה ויימצא מתאים על ידי הממונה על עבודות השירות והיתרה על תנאי למשך 3 שנים מהיום שלא יעבור עבירה בה הורשע. קנס בסך 5,000 ₪ או חודשיים מאסר תמורתו. הקנס ישולם ב-10 תשלומים שווים ורצופים החל מיום 1.3.11. חתימת התחייבות על סך 50,000 ₪ שלא יעבור עבירה דומה במשך 3 שנים מהיום. קובע לקבלת חוות דעת ממונה ליום 31.3.11 שעה 11:00. הממונה יזמן את הנאשם בטלפון מס' 050-5882349 כתובת: רח' זנגויל 13/4 ירושלים, או באמצעות פקס: 08-9380712.",train
"שתקף באמצעות מוט ברזל שני מתלוננים וגרם להם לפצעים קשים. חרף זאת בחר בית המשפט העליון להקל בעונשו של המערער ולהעמידו על 6 חודשי מאסר שירוצו בדרך של עבודות שירות. גם בע\פ 3120/04, מדינת ישראל נ' מאיר חזיזה, אשר גם שם אושר עונש של 6 חודשי עבודות שירות, למי שהורשע בעבירה של חבלה בכוונה מחמירה, לאחר שירה באקדח כלפי מתלונן ופצע אותו בברכו. אודה, כי לאחר התלבטות קשה, שבעניינו של הנאשם גברה בפניי מידת הרחמים, בפתחו של חג החירות הבא עלינו לטובה. סוף דבר – לאחר ששקלתי את השיקולים הצריכים לעניין ומבלי להקל ראש בחומרת המעשה, הרי שאני מחליט, בנסיבות שפורטו לעיל, שלא למצות את הדין עם הנאשם ולהטיל עליו את העונשים הבאים: הנני מורה על הפעלת המאסר המותנה בן 6 חודשים העומד לחובת הנאשם בת\""פ 10/07 בית משפט שלום באר-שבע, לריצוי בפועל. 12 חודשי מאסר על תנאי, למשך 3 שנים מיום שחרורו מהכלא, שלא יעבור עבירת אלימות מסוג פשע.""",train
"לענייננו, הנאשם נכנס לישראל שלא כדין חרף המאסר המותנה העומד לחובתו כדי, לדבריו, לספק פת לחם לשלושת ילדיו הקטינים בחודש הרמדאן וגם כדי שיהיה בידו כסף לצורכי חג \אל פיטר\"" וכן לרכוש ציוד עבור ילדיו לפתיחת שנת הלימודים. על מידת הרחמים – סמכות הענישה במשפט העברי רחבה היא, והיא מעוגנת במערכות ענישה דינאמיות המאפשרות קיום סדר חברתי. לעניין חומרת הענישה, הרמב\""ם מונה ארבעה קריטריונים: חומרת העבירה, מידת שכיחותה, מידת התאווה וההרגל בעשייתה או הצער שבהמנעות אותה: קלות עשייתה... עוד נאמר ע\""י חז\""ל מדברי המקרא: \""בצדק תשפוט עמיתך\"" (ויקרא יט, טו) את עיקרון השוואת בעלי הדין. לפי המשפט העברי, הדין מצווה להת יחס שווה לבעלי הדין הניצבים לפניו ללא משוא פנים, כי רק יחושו בעלי הדין שהמשפט הוא משפט צדק בלא חשש אפליה או משוא פנים. לכאורה, נחסם בפני הדיין השימוש במידת הרחמים והתחשבות במצבו הקשה של בעל הדין... עוד בתלמוד יש בקשה מופנית כלפי אלוהים: \""יהי רצון מלפניך שיכבשו רחמיך את כעסך... ותתנהג עם בניך במידת הרחמים (תלמוד בבלי, מסכת ברכות, דף ז, ע\""א). אין ספק, כי בעניינו של הנאשם מתקיימות נסיבות לחומרא, בשים לב כי ביצע את העבירה כאשר עומד לחובתו מאסר מותנה בגין עבירה דומה. הדבר מתיישב עם הלכת פראג'ין, שהתוותה מדיניות ענישה של השתת מאסר ממש במקרה דומה. עם זאת, נפסק כי כל מקרה ידון לפי נסיבותיו. בבואם של שופטים לגזור את דינו של הנאשם שהורשע, גם כאשר מדובר באינטרס מובהק של גמול והרתעה, אין להתעלם מנסיבותיו הקונקרטיות של המקרה שבפניהם ומהשיקולים האינדיבידואליים הקיימים בעניינו של כל נאשם ונאשם (ע\""פ 845/02 מדינת ישראל נ' תנובה מרכז שיתופי לשיווק תוצרת חקלאית לישראל בע\""מ, פס'""",train
"אין להקל ראש במעשיו של הנאשם אשר נכנס לגבולותיה של המדינה בהסתר וללא היתר ויש למגר תופעה זאת אשר יש ותפגע בביטחונם האישי של תושבי המדינה. נסיבותיו האישיות של הנאשם ומטרת כניסתו לארץ אינן נסתרות מעיניי אולם, אל להן לנסיבות אישיות להוות חיץ מפני ענישה פלילית ראויה ומרתיעה אשר תמנע מקרים דומים בעתיד. אולם, הפסיקה פירשה את תחולת החוק לעניין העונש באופן מצמצם וקבעה כי יש לגזור על הנאשמים עונשים מידתיים התואמים את חומרת העבירות שביצעו ולבחון כל מקרה לגופו. לקולא אני אמנה את הודאתו של הנאשם אשר חסכה זמן שיפוטי יקר ואת העדר עבר פלילי לחובתו וכן את גילו הצעיר וחרטתו. על כן, ולאחר ששקלתי את מכלול השיקולים לקולא ולחומרה, ובהתחשב בדברי ב\כ הצדדים והאמור בתסקיר שירות המבחן אני גוזר על הנאשם את העונשים הבאים: 24 חודשי מאסר מתוכם 12 חודשים לריצוי בפועל והיתרה על תנאי למשך 3 שנים מיום שחרורו מהכלא, שלא יעבור עבירה בה הורשע.""",train
"על פי עקרונות הבניית שיקול הדעת השיפוטי בענישה, כפי שהותוו בפרק ו', סימן א'1 לחוק העונשין, התשל\ז-1977, יש לקבוע \""יחס הולם בין חומרת מעשה העבירה בנסיבותיו ומידת אשמו של הנאשם ובין סוג ומידת העונש המוטל עליו (בסימן זה – העיקרון המנחה)\"" (סעיף 40ב לחוק). במקרה דנן, הערך החברתי המוגן אשר נפגע מביצוע העבירה הינו הבטחת שלום הציבור. חומרתה של עבירת החזקת נשק, מקורה בכך שעבירה זאת נעשית, לרוב, כדי לאפשר ביצוען של עבירות אחרות, שמעצם טבעו של הנשק, כרוכות באלימות או בהפחדה. עבירות נשק הן מהחמורות שבספר החוקים. הפסיקה המושרשת בעבירות נשק, המתווה את \""מדיניות הענישה הנהוגה\"", קובעת, כי במסגרת הענישה, יש ליתן משקל בכורה לאינטרס הציבורי ולהגנה על הציבור, בשל הסכנה הרבה הנשקפת מטיב עבירות אלה לחיי האדם וביטחון הציבור, ואף לצורך בהרתעת עבריינים מלבצע עבירות דומות, בשים לב לפוטנציאל הקטלני הגלום בעצם השימוש בנשק. זאת ועוד, המציאות הביטחונית והפלילית השוררת בארצנו, מחייבת נקיטת יד קשה ומחמירה כנגד עברייני הנשק. בשים לב לכך, כי בשנים האחרונות עדים אנו להתגברות אירועי \""חיסול חשבונות\"" בין עבריינים, תוך שלא אחת אזרחים חפים מפשע נקלעים לאירוע. יפים לעניינינו הדברים שנקבעו בע\""פ 4526/04 זעתרי נגד מדינת ישראל : \""בימים אלה, כאשר נשק חם משמש בידי עבריינים למטרות פליליות המסכנות חיי אדם, מצווים בתי המשפט להגיב בענישה חמורה על עבירות של סחר בנשק והחזקתו\"". ראה גם הדברים שנקבעו בע\""פ 1332/04 מדינת ישראל נגד פס: \""...מידת העונש המוטל בגין עבירות המבוצעות בנשק, מושפעות מפוטנציאל הסיכון הרב הטמון בנשק המוחזק שלא כדין ומהעברתו מיד ליד ללא פיקוח. בבוא בית המשפט לגזור את הדין בעבירה של החזקה ונשיאה של נשק עליו להתחשב בנסיבות שבהן""",train
"לקולא, יש לזקוף לזכות הנאשם את גילו הצעיר, נסיבותיו האישיות והמשפחתיות כפי שפורטו בתסקיר שירות המבחן, הודאתו שחסכה זמן שיפוטי יקר, הבעת החרטה והצהרתו לשקם את חייו. עוד יש להתייחס למהות האירוע נשוא כתב האישום המתוקן, הגם שאין להקל ראש בחומרת מעשיו של הנאשם ובסיכון שיצר בנהיגתו הפרועה, יש להדגיש, כי מדובר באירוע נקודתי, אשר בסופו של דבר הסתיים ללא פגיעה בגוף או בנפש או ברכוש. כמו כן, מדובר במרדף קצר שהתבטא כדברי העדים, ביציאה מצומת כפריית שוקת – צומת לקיה, דהיינו – מאות מטרים בלבד. מצאתי לנכון לציין זאת, הואיל ובפסיקה נקבע, כי ישנם מקרים חריגים ונסיבות מיוחדות, גם בעבירות של סיכון חיי אדם בנתיב תחבורה, שהושתו עונשים קלים יותר מרף הענישה המקובל, כך למשל בע\פ 5622/07, מדינת ישראל נ' קורדונה – 6 חודשי עבודות שירות. ת\""פ 8253/08, מדינת ישראל נ' רובין. בענייננו, המקרה של הנאשם לא נמצא במסגרת המקרים החריגים, כפי שעותר הסנגור להשקיף עליו, מנגד, גם לא נמצא במדרג החמור ביחס למקרים שהפנתה אליהם המאשימה. בשים לב לכל האמור לעיל, ולאחר שהקשבתי לטיעוני ב\""כ הצדדים, ועיינתי בתסקיר שירות המבחן, ושקלתי את מכלול השיקולים הרלוונטיים, הן לחומרא והן לקולא, הנני גוזר על הנאשם את העונשים הבאים: מורה על הפעלת המאסר המותנה בן 12 חודשים מת.פ. 8090/05 (מחוזי ב\""ש) באופן מצטבר למאסר שהושת בסעיף א' לעיל. 12 חודשי מאסר על תנאי למשך 3 שנים מיום שחרורו מהכלא שלא יעבור עבירות מסוג פשע. קנס בסך 5,000 ש\""ח או חודשיים מאסר תמורתו. הקנס ישולם בחמישה תשלומים שווים ורצופים החל מיום 01.02.2013.""",train
"על תנאי למשך 3 שנים, פיצוי למתלונן בסך 10,000 ₪ כל אחד (להלן :\גזר הדין בעניינם של השותפים לכתב האישום\""). יש לציין שלחובת הנאשם 1 שני רישומים ללא הרשעה מבית המשפט לנוער, ולנאשם 3 הרשעה בגין העדר מן השירות. המשיב שהה במעצר במסגרת תיק דנן מיום 11/6/11 עד ליום 18/7/11. כמו כן, היה נתון במעצר בית קרוב ל 10 חודשים , זהו מאסרו הראשון, מאחורי סורג ובריח, שילם פיצוי כתשלום ראשון במסגרת הליך \""הצדק המאחה\"" למתלונן על סך 1,200 ₪ מתוך 3,600 ₪. לקולא אזקוף לזכות הנאשם את גילו הצעיר, עברו הנקי, הודאתו שחסכה זמן שיפוטי יקר, נסיבותיו האישיות והמשפחתיות כעולה מהתסקיר, החרטה שהביע על התנהגותו הן בפני שירות המבחן, הן בפני המתלונן במסגרת הליך \""הצדק המאחה\"" והן בפני בית המשפט. באשר למידת העונש שיש להטיל על הנאשם החלטתי לתת משקל יותר לקולא מאשר לנאשמים 1 ו- 3 בהתחשב בנתונים המצוינים בסעיף 18 לעיל שיש בהם כדי להצדיק אבחנה באורך תקופת המאסר שיש להשית על הנאשם, אולם לא תחתיו, ועל כן הנני דן את הנאשם לעונשים הבאים: 12 חודשי מאסר על תנאי, למשך 3 שנים מיום שחרורו מהכלא, שלא יעבור עבירות אלימות מסוג פשע. הנני מחייב את הנאשם לשלם למתלונן פיצוי בסך 7,000 ₪. ניתן היום, 17 אוקטובר 2012, בנוכחות הצדדים. מורה על עיכוב ריצוי המאסר לתקופה של 45 יום. צו עיכוב היציאה מן הארץ שניתן במסגרת הליך המעצר, יישאר בתוקף עד למתן החלטה אחרת.""",train
"לאחר ששקלתי את טיעוני ב\כ הצדדים, הן לחומרא והן לקולא כמפורט לעיל, הנני דן את הנאשם לעונשים הבאים: מורה על הפעלת המאסר המותנה בן 12 חודשים מת\""פ 2272/09, בית משפט השלום באר-שבע, לריצוי בפועל.""",train
"6 (לא פורסם, 8.1.2008). עוד נאמר, כי פעולה מתוך מצוקה כלכלית יכולה להוות שיקול לקולא בעת בחינת נסיבותיו האינדיבידואליות של כל נאשם. לא הרי ז'אן ולז'אן ב\עלובי החיים\"" לויקטור הוגו הגונב מזון כדי לשרוד, כהרי העובר עבירות כדי להקל על קשיים כלכליים עסקיים. היום אנו בפתח חג ראש השנה עבור העם היהודי וחג הרמדאן עבור העדה המוסלמית עליה נמנה הנאשם. על רקע טיעוני ב\""כ הנאשם המלומד ובהצטבר נסיבותיו של הנאשם, מצאתי כי לצד מטרות הענישה ושיקולי הענישה המסורתיים, המקרה דנן מצדיק הפעלת שיקולי חסד ורחמים, שאינם שיקולים \""זרים\"" לשופט היושב בדין, אם לא למען הנאשם אז למען שלושת ילדיו הקטינים ולאור העובדה שאנו מצויים בחודש אלול, חודש הסליחות עבור היהודים וחודש הרמדאן עבור העדה המוסלמית, וראוי שהנאשם יחוג חג רמדאן יחד עם בני משפחתו וילדיו הקטינים. אציין, כי הנאשם נתון במעצר מיום 19.8.2010 (קרוב לשלושה שבועות). לסיכום – מצאתי במפורט לעיל משום טעמים מיוחדים המצדיקים שלא להפעיל את המאסר המותנה העומד לחובת הנאשם.""",train
"לקולא, אתחשב בתיקון כתב האישום, הודאת הנאשם שחסכה זמן שיפוטי, וכן אתחשב באמור בתסקיר בנוגע לכוונותיו של הנאשם לשמור על ניקיונו מהסם ולשקם את דרכיו. לאחר ששקלתי את מכלול השיקולים הרלוונטיים, הנני גוזר על הנאשם את העונשים הבאים: הנני מורה על הפעלת המאסר המותנה בן 12 חודשים מת\פ 3676/06 באופן מצטבר למאסר שהושת בסעיף א' לעיל. 12 חודשי מאסר על תנאי, למשך 3 שנים מיום שחרורו מהכלא, שלא יעבור עבירות סמים מסוג פשע. הנני פוסל את הנאשם מלהחזיק או לקבל רישיון נהיגה לתקופה של 3 חודשים במצטבר לפסילה שמרצה כיום. ניתן היום12 אפריל 2010, במעמד הצדדים.""",train
"בענייננו – המדובר בכמות יחסית גדולה של סם מסוג חשיש המחולק לשמונה יחידות אשר הוחזק בביתה של הנאשמת. אכן גרסתה של הנאשמת לא הופרכה, דהיינו – כי הבחינה במאן דהוא מטמין שקית ומתוך סקרנות ניגשה למקום ונטלה את השקית מבלי לדעת את דבר תכולתה. יחד עם זאת, מדובר בגרסה בעייתית, והדבר בא לידי ביטוי גם בפני שירות המבחן כאמור לעיל. יחד עם זאת, הענישה הינה ענישה אינדיווידואלית וכל מקרה ייבחן על פי נסיבותיו, תהא אשר תהא חומרת העבירה בה הורשע. לאחר ששקלתי את מכלול השיקולים הרלוונטיים, הן לחומרא והן לקולא כמפורט לעיל, החלטתי שלא למצות את מלוא חומרת הדין עם הנאשמת, בהתחשב בטיעוני ב\כ הנאשמת, לרבות האמור בתסקיר שירות המבחן שגובש בעניינה. אשר על כן, הנני דן את הנאשמת לעונשים הבאים: 10 חודשי מאסר, מתוכם 4 חודשים לריצוי בעבודות שירות היה ותימצא מתאימה, והיתרה על תנאי, למשך 3 שנים מהיום, שלא תעבור עבירה בניגוד לפקודת הסמים המסוכנים מסוג פשע. קנס בסך 5,000 ₪ או 30 ימי מאסר תמורתו. הקנס יקוזז מהכספים שנתפסו על ידי המשטרה בסך 10,000 ₪, והיתרה תוחזר לב\""כ הנאשמת. הממונה יזמן את הנאשמת מטלפון מספר 0576450350 מרחוב בצלאל 51/4, באר-שבע. הודע לנאשמת מועד הדיון ועל כן לא תקבל הזמנה נוספת. ניתן והודע היום ט\""ז שבט תש\""ע, 31/01/2010 במעמד הנוכחים. לבקשת הנאשמת, ההפקדה הכספית בב.ש. 8325/09 יועבר לב\""כ הנאשמת.""",train
"לענייננו – הנאשם הורשע בעובדות כתב האישום בעבירות של הספקת סם והחזקת סם שלא לצריכה עצמית. ככלל, הספקת סם מסוכן הינה עבירה חמורה, יהא המיקום בו היא נעברת אשר יהא. עם זאת, מיקום העבירה ונסיבות ביצועה עלול להוסיף נדבך נוסף של חומרה. לדוגמא, החדרת סם לבתי הספר, לבתי סוהר – בבית מעצר, בתחנת משטרה, בטרקלין בית המשפט, באולם בית המשפט. משנה חומרה יש לייחס למעשה הנאשם שעה שביצע את העבירה בתוך אולם הדיונים בבית המשפט, בעוד השופט יושב על כיסאו, בנוכחות קהל של עורכי דין ומתדיינים. החומרה במקרה זה, נובעת מהפגיעה במעמדו של בית המשפט, הן כסמל והן ברמה המעשית של העיסוק בעשיית משפט. המעשה כאמור, מלמד על תעוזת העושה ומכאן מכלול של טעמים להחמיר עימו. זאת ועוד, לחובת הנאשם הרשעות קודמות רבות שחלקן התיישן, אמנם הרשעתו האחרונה בעבירה של סחר בסם מסוכן היתה בשנת 2007, כאשר נידון במסגרתה לתקופת מאסר של שנתיים, וכן ל – 12 חודשי מאסר על תנאי למשך 3 שנים, כך שעונש כאמור לא הרתיע את הנאשם מלחזור ולעסוק בעבירות בניגוד לפקודת הסמים המסוכנים. גם מאסר מותנה בן 12 חודשים וגם העובדה שביצוע המעשים נשוא כתב האישום באו בחלוף חודשים ספורים מתום ריצוי עונשו, כאמור לעיל. אין לקבל את גישת הסנגור המלומד, כי עסקינן בעבירה פחות חמורה מהחדרת סם לכותלי הכלא, דהיינו – שמדובר בנאשם שסיפק לרעייתו שתי מנות על רקע התמכרותה לסם. לגישתי, מעשיו של הנאשם חמורים הם שבעתיים בשל היותו מספק הסם שבא מבחוץ, הואיל והוא הגורם אשר מכניס את הסם לזירה, להבדיל ממקבל הסם שחלקו פסיבי, ולעניין זה ראויים הדברים שנאמרו בע\פ 6029/03, מדינת ישראל נגד גולן, הדברים נאמרו""",train
"עוד יש לציין, כי מדובר באלימות מהמדרג הנמוך יחסית כלפי המתלוננת. באשר לאלימות כלפי השוטרים, המדובר בהנפת ידיים ודחיפות, שעה שהנאשם רצה לגשת למתלוננת בניגוד להוראות השוטרים שטיפלו בה. יחד עם זאת, אין להקל ראש במעשים אלה, וביתר שאת לחבלות שנגרמו לנוסעי רכב ה\אאודי\""- אחמד ועלאא. עוד אציין, כי ברצון בני הזוג להמשיך ולקיים את התא המשפחתי, מה גם, שלבני הזוג ילדה קטינה בת 6, שזקוקה להמשיך ולגדול בתא משפחתי נורמטיבי. עוד יש לציין, כי תיקון כתב האישום הינו תיקון מהותי ביחס להוראות החיקוק בו הואשם בכתב האישום המקורי, עובדה שמשליכה, ללא ספק, על רמת הענישה הנגזרת מהמעשה. עוד יש לציין, כי מדובר בנאשם שזו לו הפעם הראשונה במעצר, דבר שקיבל ביטוי גם בתסקיר (ראה פסקה 10 לעיל). סבור אני כי במקרה זה יש מקום לסטות ממדיניות הענישה המקובלת בעבירות מן הסוג שעבר הנאשם, זאת לאור נסיבותיו האישיות וכן יתר הטעמים שמניתי לעיל, ומתוך תקווה כי יצליח להשתלב במסלול שיקומי (למקרים נוספים שבהם נסיבות אישיות של הנאשם הביאו את בית המשפט להקל בעונשו ראה: ע\""פ 944/08 אבו האני נגד מדינת ישראל, ע\""פ 2122/03 כהן נגד מדינת ישראל). בשים לב לכל האמור לעיל, ולאחר שהקשבתי לטיעוני ב\""כ הצדדים, ועיינתי בתסקיר שירות המבחן, ושקלתי את מכלול השיקולים הרלוונטיים, הן לחומרה והן לקולא כמפורט בדברי ב\""כ הצדדים, החלטתי שלא להחמיר עם הנאשם ולהסתפק בעונש מתון שיאזן בין האינטרס הכללי שעמד במרכז טיעוניה של ב\""כ המאשימה, לבין האינטרס האישי השיקומי שעמד עליו שירות המבחן וכן ב\""כ הנאשם, בתקווה שהנאשם ישכיל לתקן את דרכיו בעתיד, וינהל אורח חיים נורמטיבי, ועל כן הנני גוזר על הנאשם את העונשים הבאים: מורה על הפעלת""",train
"לקולא אתחשב בגילו הצעיר של הנאשם, עברו הנקי, הודאתו שחסכה זמן שיפוטי יקר. בנוסף, אתחשב בתהליך החיובי והמשמעותי שעבר הנאשם, תהליך אשר החל מיוזמתו טרם ההליך המשפטי וכן באמור בתסקיר שירות המבחן בנוגע לשינוי שעבר הנאשם ובהמלצת השירות. דבריה של המתלוננת בפני וכן החרטה שהביע הנאשם אף הם יילקחו בחשבון במסגרת מכלול השיקולים לעניין העונש. לאור כל האמור לעיל ולאחר ששקלתי את מכלול השיקולים, הן לחומרא והן לקולא, הנני גוזר על הנאשם את העונשים הבאים: 6 חודשי מאסר על תנאי למשך שלוש שנים מהיום שלא יעבור עבירה בה הורשע. הנאשם יבצע של\צ בהיקף של 150 שעות , בהתאם לתוכנית שתגובש ע\""י שירות המבחן. חתימת התחייבות כספית ע\""ס 5,000 ₪ שלא יעבור עבירה דומה במשך 3 שנים מהיום. לאור השביתה במזכירות, ההתחייבות תחתם עד ליום 1.9.10. שירות המבחן יישלח הודעה מתאימה בנוגע למקום למועד תחילת השל\""צ, תוך 45 יום מהיום.""",train
"לאחר ששקלתי את טיעוני ב\כ הצדדים, הן לחומרא והן לקולא כמפורט לעיל, החלטתי שלא למצות את הדין עם הנאשם ולהסתפק בעונש צופה פני עתיד, בשים לב לתסקיר החיובי ממנו עולה, כי הנאשם עבר הליך טיפולי מוצלח, גם מערכת היחסים מאז האירוע בין הנאשם למתלוננת טובים מאוד, הנאשם משקיע המון במשפחתו וילדיו, מנהל אורח חיים נורמטיבי. באשר לשאלת ביטול ההרשעה – לא מצאתי שנסיבותיו של הנאשם מתאימות לחריג שנקבע בהלכת תמר כתב או הלכת רומנו. יצוין לעניין זה, כי לנאשם רישום ללא הרשעה בגין עבירה של תקיפת בן זוג, בנוסף לכך, בענייננו מדובר בשני כתבי אישום בשתי עבירות. אשר על כן, הנני גוזר על הנאשם את העונשים הבאים: 3 חודשי מאסר על תנאי, למשך שנה מהיום, שלא יעבור עבירה בה הורשע.""",train
"לקולא, אתחשב בנסיבותיהם האישיות של הנאשמים, הודאתם שחסכה זמן שיפוטי יקר, והבעת החרטה, עברם הנקי של הנאשמים 1-3, גילם הצעיר, גילו המבוגר יחסית של הנאשם 4, שהינו למעשה אביהם של הנאשמים 1,2,5, ו-6. לאחר ששמעתי טענות ב\כ הצדדים, ושקלתי את מכלול הנסיבות של כל אחד מהנאשמים, הנני גוזר על הנאשמים את העונשים הבאים: א) 24 חודשי מאסר לריצוי בפועל – שמניינם מיום מעצרו. ב) 12 חודשי מאסר על תנאי למשך 3 שנים שלא יעבור מיום שחרורו מהכלא, על עבירות אלימות מסוג פשע. ג) קנס בסך 1,000 ₪ או 10 מאסר תמורתו, הקנס ישולם ביום 1/11/12. א) 24 חודשי מאסר לריצוי בפועל - שמניינם מיום מעצרו. ב) 12 חודשי מאסר על תנאי למשך 3 שנים שלא יעבור מיום שחרורו מהכלא, על עבירות אלימות מסוג פשע. ג) קנס בסך 1,000 ₪ או 10 מאסר תמורתו, הקנס ישולם ביום 1/11/12. ב) 12 חודשי מאסר על תנאי למשך 3 שנים שלא יעבור מיום שחרורו מהכלא, על עבירות אלימות מסוג פשע. ג) קנס בסך 1,000 ₪ או 10 מאסר תמורתו, הקנס ישולם ביום 1/11/12. א) 6 חודשי מאסר לריצוי בפועל - שמניינם מיום מעצרו. ב) מורה על הפעלת המאסר המותנה בן 6 חודשים שנגזר על הנאשם בת.פ 8261/06 בבית המשפט המחוזי באר שבע ביום 6/2/08, באופן חופף למאסר שהושת בסעיף א' לעיל. ג) 12 חודשי מאסר על תנאי למשך 3 שנים שלא יעבור מיום שחרורו מהכלא, על עבירות אלימות מסוג פשע. ד) קנס בסך 1,000 ₪ או 10 מאסר תמורתו, הקנס ישולם ביום 1/11/12. א) 6 חודשי מאסר לריצוי בפועל- שמניינם מיום מעצרו. ב) מורה על הפעלת המאסר המותנה בן 22""",train
"לעיל יש מקום לעשות הבחנה בין העונשים שיש להשית על הנאשם 1 לבין העונשים שיש להשית על הנאשם 2, בכך שרף הענישה של האחרון יהיה חמור יותר. אציין, כי בהתאם לקבוע בסעיף 40 ז' לחוק, בית המשפט רשאי להתחשב בשיקול של הרתעת הרבים, שהוא שיקול בעל משקל נכבד שעסקינן בעבירות נשק, בבואו לקבוע את עונשו של הנאשם, ובלבד שהעונש לא יחרוג ממתחם העונש ההולם. הצורך במיגור התופעה של עבירות נשיאה והובלה של נשק העלולים להביא לידי פגיעה בחפים מפשע, וכפי שנקבע בפסיקת בית המשפט העליון שלעיל, עמד לנגד עייני, כאשר קבעתי את העונש הראוי לנאשם בגדריו של מתחם הענישה ההולם. בשים לב לאמור לעיל, ולאחר שהקשבתי לטיעוני ב\כ הצדדים, ושקלתי את מכלול השיקולים הרלוונטיים כמפורט לעיל, הנני גוזר על הנאשמים את העונשים הבאים: נאשם 1 12 חודשי מאסר על תנאי למשך 3 שנים מיום שחרורו מהכלא שלא יעבור עבירות מסוג פשע. קנס בסך 5,000 ₪ או חודשיים מאסר תמורתו. הקנס ישולם בחמישה תשלומים שווים ורצופים, החל מיום 1.3.13. הנני פוסל את הנאשם מלהחזיק או לקבל רישיון נהיגה למשך 24 חודשים. היה תלוי ועומד כנגד הנאשם עונש פסילה נוסף – הכל במצטבר. הנני מורה על הפעלת המאסר המותנה בן 24 חודשים שהושת בת\""פ 8283/07 (מחוזי ב\""ש), מיום 26/3/08, כך שמחציתו ירוצה במצטבר, ומחציתו ירוצה בחופף לעונש שהושת בסעיף א לעיל. 12 חודשי מאסר על תנאי למשך 3 שנים מיום שחרורו מהכלא שלא יעבור עבירות מסוג פשע. קנס בסך 5,000 ₪ או חודשיים מאסר תמורתו. הקנס ישולם בחמישה תשלומים שווים ורצופים, החל מיום 1.3.13.""",train
"לקולא, אתחשב בהודאת הנאשם שחסכה זמן שיפוטי רב בכלל התיקים העומדים לחובתו בבתי המשפט, נטילת אחריות על מעשיו, הבעת חרטה, נכונותו והתחייבותו לנהל אורח חיים נורמטיבי בתום מאסרו, חלוף הזמן, נסיבותיו האישיות והמשפחתיות הקשות כמפורט במכתב שהגיש לעיוני, וגם בדברי בא כוחו במסגרת טיעוניו לעונש. עוד אתחשב לקולא כי בחלק מהעבירות, הרכוש הוחזר למתלוננים. עוד אתחשב כי בחלק מהעבירות, מדובר בעבירות רכוש מהמדרג הנמוך יחסית, וזאת מבלי להקל ראש בעצם המעשים והשלכותיהם על ביטחון הציבור ורכושו. הגם שתקופת המאסר שעתרה לה ב\כ המאשימה במסגרת טיעוניה לעונש – ניתן למצוא לה אחיזה הן מעצם המעשים, ריבויים, אופיים, תדירותם והן בפסיקה במקרים דומים. יחד עם זאת ולאחר שחככתי בדעתי, החלטתי שלא למצות את מלוא חומרת הדין עם הנאשם, כדי לתת לנאשם הזדמנות נוספת לשנות את אורחות חייו כפי שהצהיר בפניי, ולנהל אורח חיים נורמטיבי בתום תקופת מאסרו, הרחק מהדפוסים שאפיינו את אורחות חייו עד כה, כי בסופו של יום, גם שיקומו של הנאשם במקרים הנכונים, מתיישב עם האינטרס הציבורי. לאחר ששקלתי את מכלול השיקולים הרלוונטיים, הן לקולא והן לחומרא, הנני דן את הנאשם לעונשים הבאים: הנני מורה על הפעלת המאסר המותנה בן 10 חודשים מת.פ. 3004/03 (בימ\""ש השלום תל אביב) וכן עונש מאסר מותנה בן 4 חודשים מת.פ. 5821/06 (בימ\""ש השלום תל אביב), באופן מצטבר למאסר שהושת בסעיף א' לעיל. 12 חודשי מאסר על תנאי למשך 3 שנים מיום שחרורו מהכלא, שלא יעבור עבירה בניגוד לפרק י\""א לחוק העונשין. 6 חודשי מאסר על תנאי למשך 3 שנים מיום שחרורו מהכלא, שלא יעבור עבירות רכוש מסוג עוון. 8 חודשי מאסר על תנאי למשך 3 שנים מיום שחרורו מהכלא, שלא""",eval
"לענייננו – הן ההסדר הראשוני שהוצג ביום 26.1.2010 (חודשיים לריצוי בעבודות שירות) והן ההסדר הנוכחי (רף עליון בן 6 חודשי מאסר לריצוי בעבודות שירות), המדובר בהסדרים מקלים מאוד ביחס לסוג העבירות נשוא כתב האישום המתוקן, כמות הסם, נסיבות ביצוע העבירות כמתואר בעובדות כתב האישום המתוקן, לרבות מדיניות הענישה שבתי המשפט במלחמה במיגור נגע הסם. יחד עם זאת, ולאור נימוקי המאשימה להסדר, ובעיקר בשל גילויו של קושי ראייתי בטרם שמיעת פרשת התביעה, וההתנהלות הלא תקינה של המאשימה כמפורט בטענות ב\כ הנאשם, החלטתי בלב כבד ולא בלי התלבטות, לקבל את ההסדר כפי שהוצג על ידי המאשימה, חרף היותו נוטה לקולא. אשר על כן, הנני גוזר על הנאשם את העונשים הבאים: 18 חודשי מאסר, מתוכם 5 חודשים לריצוי בעבודות שירות והיתרה על תנאי, למשך 3 שנים מהיום שלא יעבור עבירה בניגוד לפקודת הסמים המסוכנים מסוג פשע. 6 חודשי מאסר על תנאי, למשך 3 שנים מהיום, שלא יעבור עבירות מסוג אלימות. קנס בסך 5,000 ₪ או 30 ימי מאסר תמורתו. הקנס ישולם ב – 5 תשלומים שווים ורצופים החל מיום 1.6.2010. הנאשם יתייצב בתאריך 4.5.2010 בפני הממונה לתחילת ריצוי עבודות השירות.""",eval
"לקולא, יש להתחשב בתיקון כתב האישום, הודאת הנאשם שחסכה זמן שיפוטי, גילו הצעיר של הנאשם, החרטה שהביע על מעשיו. אשר על כן, הנני דן את הנאשם לעונשים הבאים: מורה על הפעלת המאסר המותנה בן 12 חודשים מת\פ 1451/06 בית משפט השלום באר-שבע, לריצוי באופן מצטבר למאסר שהושת בסעיף א' לעיל. 12 חודשי מאסר על תנאי, למשך 3 שנים מיום שחרורו מהכלא, שלא יעבור עבירה בניגוד לפקודת הסמים מסוג פשע. 12 חודשי פסילת רישיון נהיגה, למשך 3 שנים מיום שחרורו מהכלא. היה ותלוי כנגד הנאשם עונש פסילה נוסף – הכל במצטבר. קנס בסךצ 2,000 ₪ או 20 ימי מאסר תמורתו. הקנס ישולם ב – 4 תשלומים שווים ורצופים החל מיום 1.9.2010. ניתן היום, כ\""ה סיון תש\""ע, 07 יוני 2010, במעמד הצדדים.""",eval
"בענייננו, מדובר בנאשם צעיר, ללא עבר פלילי, אין אינדיקציה לכך שביצע את העבירות על רקע כספי, הנאשם נעצר רק לאחר ביצוע העבירה האחרונה ולכאורה, הפנים את חומרת מעשיו רק לאחר ביצוע הרבעת ההסעות. לקולא אתחשב בנוסף במצבו המשפחתי והאישי של הנאשם והבעת חרטתו בפני. אציין, כי נאסר על הנאשם לנהוג החל מיום 24.11.08 על פי החלטת סגן הנשיא, כבוד השופטת בית אור, בב.ש. 9922/08 – כך שבפועל הנאשם היה בפסילה קרוב לשנתיים. מכל האמור לעיל ולאחר ששקלתי את מכלול השיקולים, הן לחומרא והן לקולא, הנני גוזר על הנאשם את העונשים הבאים: שישה חודשי מאסר, אשר ירוצו בעבודות שירות בהתאם לחוו\ד הממונה על עבודות השירות מתאריך 07.06.2010. 10 חודשי מאסר על תנאי למשך שלוש שנים מהיום שלא יעבור עבירה בה הורשע. קנס כספי בסך 4000 ₪ או ארבע ימי מאסר תמורתו. הקנס ישולם בארבעת תשלומים שווים ורצופים, החל מיום 01.09.2010. תשעה חודשי פסילת רישיון נהיגה על תנאי, למשך 3 שנים מהיום, היה ויורשע בעבירה בניגוד לחוק הכניסה לישראל.""",eval
"יום שנגזר על הנאשם בת.פ 28598-05-11 בבית המשפט השלום באר שבע ביום 6/6/11, באופן שהמאסר ירוצה בחופף לעונש המאסר בפועל שנגזר בסעיף א' לעיל. ג) מורה על הפעלת ההתחייבות על סך 2,000 ש\ח שהוטלה בת.פ 35487-05-10 בבית משפט השלום באר שבע ביום 15/6/10, שתשולם עד ליום 1/12/12. ד) 12 חודשי מאסר על תנאי למשך 3 שנים שלא יעבור מיום שחרורו מהכלא, על עבירות אלימות מסוג פשע. ה) קנס בסך 1,000 ₪ או 10 מאסר תמורתו, הקנס ישולם ביום 1/11/12. נאשם 6: א) 24 חודשי מאסר לריצוי בפועל - שמניינם מיום מעצרו. ב) 12 חודשי מאסר על תנאי למשך 3 שנים שלא יעבור מיום שחרורו מהכלא, על עבירות אלימות מסוג פשע.""",eval
"פשיטת רגל וזהו לו מאסרו הראשון מאחורי סורג ובריח. הנאשם נטל אחריות למעשיו והודה בביצוע העבירות, ובכך חסך זמן שיפוטי יקר. לחובתו של הנאשם חמש הרשעות קודמות: בעבירות איומים סחיטה באיומים, חבלה במזיד ברכב, הכשלת עיקול התחזות כאדם אחר במטרה להונות, תקיפה סתם- בן זוג, היזק לרכוש במזיד, תקיפה הגורמת חבלה של ממש. אכן עברו של הנאשם אינו מכביד יחסית. גם רף הענישה שהושת עליו בעבר היה מאסר בעבודות שירות. באשר לנסיבות האישיות והמשפחתיות, אכן מדובר בנסיבות קשות, כאשר רעייתו סובלת ממחלת הסרטן, וילדיו הקטינים של הנאשם מטופלים על-ידי הוריו. אין ספק כי יהיה בהמשך מאסרו של הנאשם כדי להשליך על כלל משפחתו הגרעינית. בעניינו של הנאשם 2 – הנאשם יליד 1986, רווק, נטל אחריות למעשיו, הודה בביצוע העבירה והביע חרטה. לחובתו של הנאשם 8 הרשעות קודמות, ורישום פלילי ללא הרשעה מבית המשפט לנוער, בעבירות סמים, שבל\ר, הפרת הוראה חוקית, סיכון חיי אדם בנתיב תחבורה, חבלה במזיד ברכב, נהיגה בזמן פסילה, שיבוש מהליכי משפט, עבירות אלימות, איומים ורכוש, החזקת נשק שלא כדין. לחובת הנאשם מאסר מותנה בן 24 חודשים שהושת עליו במסגרת ת\""פ 8283/07 (מחוזי ב\""ש), מיום 26/3/08, על רקע הרשעתו בעבירות של סיכון חיי אדם בנתיב תחבורה, חבלה במזיד ברכב, שיבוש מהלכי משפט ונהיגה בזמן פסילה. עוד מעיון בגליון הרשעותיו של הנאשם עולה כי הנאשם ריצה בעברו מספר מאסרים בפועל מאחורי סורג ובריח. עוד ראוי לציון כי הנאשם, חרף המאסרים בפועל שריצה בעברו, הסלים בהתנהגותו הפלילית בכך שהורשע בעבירה יותר חמורה וגם בעבר הורשע בעבירה של החזקת נשק שלא כדין (נדון בגינה ל-18 חודשי מאסר בפועל – ת\""פ 1017/05 (בימ\""ש השלום דימונה)). על רקע האמור""",test
"לאחר ששקלתי את טיעוני ב\כ הצדדים הן לחומרא והן לקולא, הנני גוזר על הנאשם את העונשים הבאים: א. 6 חודשי מאסר לריצוי בפועל שמניינם מיום מעצרו, 31.10.09 עד ליום 5.5.10. ב. 12 חודשי מאסר על תנאי למשך 3 שנים מהיום, שלא יעבור עבירת רכוש מסוג פשע. ג. 6 חודשי מאסר על תנאי למשך 3 שנים מהיום, שלא יעבור עבירת רכוש מסוג עוון. ד. קנס כספי בסך 1,000 ₪ או 10 ימי מאסר תמורתו. הקנס ישולם עד ליום 16.2.11. זכות ערעור תוך 45 יום. הנאשם הובא בפניי בצו הבאה והואיל וניתן גזר דין – הנני מורה על שחרורו. למען הסר ספק – הנאשם ריצה את העונש שנקבע בסעיף א' לעיל בתקופת מעצרו.""",test
"זה במשך חודשיים במעצר. בנסיבות מיוחדות של המקרה שבפני אני מוצא כי השקלול הנכון בין שיקולי הענישה השונים נוטה לקולא בכיוון להפעלת עונש שיקומי שיאפשר לנאשם להשלים את ההליך הטיפולי. קטיעת מהלך זה בדרך של הטלת מאסר בפועל ישים לאל מאמץ כביר שהושקע על ידו, ועלול להביא לאיזון לא ראוי בנסיבות מקרה זה בין תכלית הגמול וההרתעה לבין יסודות השיקום והתיקון שבענישה. גם בשים לב לטיעוני ב\כ הנאשם המלומד כמפורט לעיל. לאחר שבחנתי את מכלול השיקולים הרלוונטיים, הנני דן את הנאשם לעונשים הבאים: 12 חודשי מאסר על תנאי למשך שלוש שנים מהיום שלא יעבור עבירה בה הורשע. קנס בסך 2,000 ₪ או 20 ימי מאסר תמורתו. הקנס ישולם עד ליום 01.12.2010.""",test
"לקולא, אתחשב בהסרת כלל המחדלים, הודאת הנאשמים שחסכה זמן שיפוטי יקר בכלל כתבי האישום, בנסיבות שנקלעו אליהם הנאשמים כמפורט בטיעוניו של הסנגור המלומד, נסיבותיו האישיות והמשפחתיות של הנאשם 3 כמפורט בדברי ב\כ הנאשם והנאשם עצמו. בהתחשב בטיעוני ב\""כ הצדדים, הן לחומרא והן לקולא כמפורט לעיל, הנני גוזר על הנאשמים את העונשים הבאים: א. 6 חודשי מאסר על תנאי, למשך 3 שנים מהיום, שלא יעבור עבירה בה הורשע. קנס בסך 30,000 ₪ או שלושה חודשי מאסר תמורתו. הקנס ישולם ב – 20 תשלומים שווים ורצופים החל מיום 1.7.2010.""",test
"אין ספק כי מעשיו של הנאשם חמורים שבעתיים, בהתחשב בנימוקי ב\כ המאשימה המפורטים לעיל, ועל כן לא מצאתי טעמים שיירשמו כדי לסטות מהכלל שעונש מאסר על תנאי אשר מופעל ירוצה באופן מצטבר לעונש המאסר שגוזר בית המשפט, כאמור בסעיף 58 לחוק העונשין. עוד יש לציין, כי ענישה מצטברת היא ענישה המדגישה מדיניות הרתעתית ומדיניות זו הולמת המקרה שבפניי. דהיינו – עבריין מועד ששב ומבצע עבירות שבגינן כבר הורשע בעבר (ראה למשל ע\""פ 4517/04 מסראווה נגד מדינת ישראל). לאחר ששקלתי את טיעוני ב\""כ הצדדים הן לחומרא והן לקולא כמפורט לעיל, הנני דן את הנאשם לעונשים הבאים: הנני מורה על הפעלת המאסר המותנה בן 12 חודשים מת\""פ 2700/04 באופן מצטבר למאסר שהושת בסעיף א' לעיל. הנני מורה על הפעלת המאסר המותנה בן 6 חודשים מת\""פ 1190/09 באופן מצטבר למאסר שהושת בסעיף א' לעיל. 12 חודשי מאסר על תנאי למשך 3 שנים מיום שחרורו מהכלא, שלא יעבור עבירה בניגוד לפרק יא' לחוק העונשין, למעט החזקת נכס חשוד כגנוב. 3 חודשי מאסר על תנאי למשך 3 שנים מיום שחרורו מהכלא, שלא יעבור עבירה בניגוד לפקודת הסמים המסוכנים מסוג עוון או עבירה של הפרת הוראה חוקית. ניתן היום, כ\""א בטבת, תש\""ע (7 בינואר 2010), במעמד הצדדים.""",test
