case_id,sentence_text,label_a,label_a_norm,label_b,label_b_norm
"ת""פ 59578-12-21 ","ראשית אציין כי על אף שהדברים לא נאמרו במפורש על ידי ב""כ המאשימה, מטיעוניה עולה כי היא סבורה שיש לסטות במידה מה ממתחם העונש ההולם ועל כן עתרה להשית על הנאשם מאסר שירוצה בעבודות שירות וזאת בניגוד לתיקים אחרים בהם היא עותרת לריצוי המאסר בפועל.",תביעה,תביעה,שופט,שופט
"ת""פ 13401-03-12",הנאשם לא פעל ממניע כלכלי או בכוונה לבצע עבירות באמצעות הנשק.,שירות המבחן,שירות המבחן,ההגנה,הגנה
"ת""פ 16014-01-22 ","לשם כך יתחשב בית המשפט בערך החברתי שנפגע מביצוע העבירה, במידת הפגיעה בו, במדיניות הענישה הנהוגה ובנסיבות הקשורות בביצוע העבירה המפורטות בסעיף 40ט' לחוק העונשין.",שופט,שופט,שופט,שופט
CASE_17677-04-17,"מקיים זוגיות, יש לו ילד בן שנתיים, הוא עוסק בציור.",ההגנה,הגנה,ההגנה,הגנה
"ת""פ 17917-08-10","הסניגור ביקש להתחשב במצבו של הנאשם, שאלה העבירות הראשונות שמיוחסות לו.",ההגנה,הגנה,ההגנה,הגנה
תפ 9983-05-16,המדינה הזכירה שהנאשם היה עצור בין המועדים 24.4.16 עד 22.6.16 ואז שוחרר בתנאים.,שופט,שופט,תביעה,תביעה
"ת""פ 21724-08-22 ",לגבי הההרשעה הוסיף שהנאשם עובד כמורה מחליף… והרשעה עלולה לפגוע בו.,הגנה,הגנה,הגנה,הגנה
CASE_17677-04-17,"התגייס ושירת במשמר הגבול, עבד כמאבטח בבית חולים כ- 5 שנים, וכאחראי משמרת, שמר על יציבות.",הגנה,הגנה,ההגנה,הגנה
"ת""פ 5680-02-18","אשר על כן, הותרת הרשעתו תמנע ממנו עבודה עבור משרד החינוך ואף תמנע העסקתו באופן כולל.",הגנה,הגנה,ההגנה,הגנה
"ת""פ 5680-02-18","בשל כל אלה ובהתאם לפסיקה הנוהגת, סבורה המאשימה כי מתחם העונש ההולם בנסיבות תיק זה נע בין שנתיים לשש שנים כשבהתאם להסדר המאשימה תעתור למקם את עונשו בחלקו התחתון לצד הענישה הנלווית.",תביעה,תביעה,התביעה,תביעה
"ת""פ 9804-01-24 ","ב""כ הנאשם טען כי המאשימה שגתה כאשר עתרה למתחמי ענישה נפרדים בעוד שמדובר על כתבי אישום שיש ביניהם קשר הדוק.",הגנה,הגנה,הגנה,הגנה
"ת""פ 59578-12-21 ","לדעת המאשימה, המלצת שירות המבחן אינה הולמת את מתחמי הענישה ואף אין מקום לסטות בעניינו של הנאשם מטעמי שיקום.",תביעה,תביעה,תביעה,תביעה
"ת""פ 5680-02-18",לא ברור האם הדבר נעשה במסגרת עצמאית (כפי המופיע בתסקיר) או כשכיר (כפי שנטען במהלך הטיעונים לעונש).,שופט,שופט,שופט,שופט
תפ 9983-05-16,נטען שלנאשם עבר פלילי אך לא עבר פלילי משמעותי.,הגנה,הגנה,הגנה,הגנה
"ת""פ 47780-11-21",הוסיפה כי הנזק שהיה צפוי להיגרם מביצוע העבירה הוא גדול לאור סוג הסם וכמותו.,תביעה,תביעה,תביעה,תביעה
"ת""פ 28360-02-13","צוות משטרה שקיבל דיווח על הירי, איתר את הרכב בו נסעו הנאשם והלאל וסימן להם לעצור באמצעות הסירנה והכריזה.",שופט,שופט,שופט,שופט
"ת""פ 5680-02-18","בעצם ההרשעה מביעה החברה סלידה מהמעשה ומקווה להשיג הרתעה (ראו בעניין זה ע""פ 9262/03 פלוני נ' מדינת ישראל) ׁפורסם בנבו, 20.4.04)).",שופט,שופט,שופט,שופט
"ת""פ 28565-05-24","הנאשם החזיק כמות לא מבוטלת של סמים מסוכנים מסוגים שונים, בין היתר גם סמים מסוכנים המוגדרים קשים, שפגיעתם רעה והשפעותיהם הרסניות.",שופט,שופט,שופט,שופט
CASE_11608-07-16,"הנאשם הסביר לכרמל כי חלות עליו מגבלות בשל הסתבכותו, והוא אינו יכול לעבוד בכל סוג של עבודה.",הגנה,הגנה,הגנה,הגנה
"ת""פ 17917-08-10",בחיפוש בבית הנאשם נתפס הסם.,שופט,שופט,שופט,שופט
"ת""פ 46424-05-24",העבירה בוצעה בגלל בצע סם והשימוש שלי בסמים.,שופט,שופט,נאשם,נאשם
"ת""פ 9804-01-24 ","לבסוף, הסנגור הפנה לכך שהנאשם עצור מאז 19.12.23 תוך שהוא מציין כי תנאי העצור שונים מתנאי אסיר ומסר, כי סכום הכסף באשר לתיק השני כבר הופקד בבית המשפט.",הגנה,הגנה,הגנה,הגנה
"ת""פ 15148-03-12","לטענת בא כוח המאשימה, מתחם העונש ההולם בנסיבות העניין הוא בין 2 שנות מאסר לריצוי בפועל ועד 5 שנים לריצוי בפועל.",תביעה,תביעה,מאשימה,תביעה
CASE_11608-07-16,"הנאשם שוחרר ממעצר ושהה במעצר בית מלא במשך פרק זמן לא מבוטל, כאשר גם לכך יש חשיבות.",הגנה,הגנה,ההגנה,הגנה
"ת""פ 9804-01-24 ","ב""כ המאשימה, עו""ד יעל גבעוני, עמדה על נסיבות ביצוע העבירות בארבעת כתבי האישום והתייחסה למכלול הערכים המוגנים שנפגעו תוך שעתרה לקבוע מתחם נפרד לגבי כל כתב אישום.",תביעה,תביעה,תביעה,תביעה
"ת""פ 35299-09-23 ","ברשות הנאשם או בשליטתו היה סם מסוכן מסוג קוקאין, זמין, יום אחר יום.",שופט,שופט,שופט,שופט
"ת""פ 51207-09-12","לדבריו, השימוש הראשון שנעשה בנשק, נעשה במעבדת הנשק במטה הארצי של המשטרה ועובדה היא, כפי שעולה מחוות דעת המומחה שהוגשה מטעם התביעה, כי לאחר הירי הראשון שבוצע נשברה ידית הדריכה ולא ניתן היה עוד לירות בנשק.",הגנה,הגנה,ההגנה,הגנה
"ת""פ 16014-01-22 ","הנאשם התייחס למעורבותו החזרתית בעבירות, לקח אחריות מלאה על התנהלותו וזיהה את הגרומים שעמדו ברקע להתנהלותו.",שירות המבחן,שירות המבחן,שופט,שופט
"ת""פ 16014-01-22 ","שירות המבחן התרשם שהנאשם מסתייע ונענה להליך הטיפולי, מתבונן על מצבי הסיכון, רוכש כלים להתמודדות יעילה במצבים אלה ובמצב זה פוחת הסיכון להישנות העבירות.",שופט,שופט,שופט,שופט
"ת""פ 28565-05-24","בטיעוניה לעונש, הדגישה המאשימה את הערכים המוגנים אשר נפגעו כתוצאה ממעשי הנאשם בהם שמירה על בריאות הציבור והגנה מפני נגע הסמים והפצתם.",תביעה,תביעה,תביעה,תביעה
"ת""פ 33577-04-12","הנזק שהיה עלול להיגרם ברור, אך בנס נמנע אסון.",שופט,שופט,שופט,שופט
"ת""פ 33577-04-12","בהתאם להוראות סעיף 40ג(א), יש לקבוע את מתחם העונש ההולם, בהתחשב בשאלה מהו הערך החברתי שנפגע מביצוע העבירה ומידת הפגיעה בו וכן במדיניות הענישה הנהוגה ובנסיבות הקשורות לביצוע העבירה.",שופט,שופט,שופט,שופט
"ת""פ 28360-02-13","בהתייחסות לעבירה דנן, השירות התרשם, כי הנאשם נטל אחריות חלקית על ביצועה וטשטש את נסיבות מעורבותו בה, למעט נשיאת הנשק.",שירות המבחן,שירות המבחן,שירות המבחן,שירות המבחן
"ת""פ 51207-09-12","כן הפנה ב""כ המאשימה לפסיקה, בה נגזרו עונשי מאסר של שנתיים ימים, על עבירות של אחזקת נשק וירי.",התביעה,תביעה,התביעה,תביעה
"ת""פ 33444-05-12","הסנגור שב על נסיבותיו החריגות של הנאשם, על תחושת המצוקה שחש לנוכח הפגיעה בבנו וכן בעקבות ירי שבוצע בעבר לעבר עובדים אחרים בשוק, אירועים בגינם נפתחה חקירה ע""י משטרת ישראל.",ההגנה,הגנה,ההגנה,הגנה
"ת""פ 35299-09-23 ",העבירות שעבר הנאשם חמורות.,שופט,שופט,שופט,שופט
CASE_11608-07-16,"בפתח דבריו ביקש ב""כ הנאשם להדגיש כי מסגרת הטיעונים לעונש מוגבלת לכתב האישום המתוקן, ואינה כוללת התייחסות לנושאים כגון הפצה, שאליהם התייחס התובע.",ההגנה,הגנה,ההגנה,הגנה
"ת""פ 17917-08-10","הסניגור טען כי הנאשם עלה לארץ בגיל 17 כנוצרי וכי שירת בצה""ל ובהמשך בשירות בטחון כללי, כי בחייו התמודד עם קשיים רבים וזוהי מעידתו הראשונה והחד פעמית.",ההגנה,הגנה,ההגנה,הגנה
"ת""פ 9804-01-24 ","עוד עמד על ההליך הטיפולי שעבר הנאשם, אשר שהה כ- 8.5 חודשים במרכז חוסן והמשיך לאחר מכן כשנה וחצי בבית משפט קהילתי, תוך שיתוף פעולה ומסירת בדיקות שתן.",הגנה,הגנה,הגנה,הגנה
"ת""פ 21724-08-22 ","בנוסף הוסכם על חילוט סכום הכסף שנתפס בסך 1,740 ₪.",תביעה,תביעה,תביעה,תביעה
"ת""פ 9804-01-24 ","הסנגור ביקש לתת משקל לכך שהנאשם במהלך חייו שמר על תפקוד תעסוקתי, עוד ביקש שביום שחרורו ממאסר יתאפשר לו לנהוג ולעובד בכדי לסייע לו להשתקם וכן לפרנס את בנו ולסגור את חובותיו.",הגנה,הגנה,הגנה,הגנה
"ת""פ 33444-05-12","הסנגור הטעים כי לא היה מקום לעשות כן, קל וחומר מבלי לנמק את השינוי בהמלצה, זאת על רקע הנסיבות המיוחדות ויוצאות הדופן של האירוע, המצדיקות חריגה ממדיניות הענישה.",ההגנה,הגנה,ההגנה,הגנה
"ת""פ 51207-09-12","לדעת שירות המבחן, ""עונש חינוכי של של""צ, בהיקף שעות משמעותי, עשוי לחבר את הנאשם באופן ממשי לחומרת מעשיו ולאפשר לו לפצות את החברה, תוך כדי שמירה על דפוסי עבודה תקינים ויציבים, דבר שיסייע לו בבניית חיים עצמאיים"".",שירות המבחן,שירות המבחן,שירות המבחן,שירות המבחן
"ת""פ 46424-05-24",אני מאד מתחרט על המעשים שלי.,נאשם,נאשם,נאשם,נאשם
"ת""פ 16192-05-09","ב""כ המאשימה הפנה בראשית טיעוניו לגיליון ההרשעות הקודמות של הנאשם המעיד לדבריו, על נאשם שהינו עבריין מועד ומסוכן שהורשע בעבירות שוד מזוין, החזקת נשק שלא כדין, יריות פציעה ותגרות, בגינן אף ריצה שני עונשי מאסר.",התביעה,תביעה,התביעה,תביעה
"ת""פ 16014-01-22 ",בתאריך 22.08.24 נתקבלה חוות דעת הממונה על עבודות השירות לפיה הנאשם נמצא לא כשיר לבצע עבודות שירות וזאת בשל התנגדות משטרת ישראל.,שופט,שופט,שופט,שופט
"ת""פ 17917-08-10","באישום השני – בחודש יולי 2010 קיבל הנאשם מאותו אחר 15.05 גרם סם מסוכן נסוג קנבוס, תמורתו שילם 150 ₪.",שופט,שופט,שופט,שופט
תפ 9983-05-16,קרוב המשפחה הסכים והודיע לאחר שעליו לקחת את התת מקלע מהנאשם.,שופט,שופט,שופט,שופט
CASE_11608-07-16,"ב""כ הנאשם עמד על כך שחוות הדעת של שירות המבחן קובעת כי מאסר בפועל עלול לפגוע פגיעה קשה בשיקומו של הנאשם.",ההגנה,הגנה,ההגנה,הגנה
"ת""פ 13401-03-12","לטענתו, הבחור הניח חבילה מתחת למדרגות בסמוך אליהם ונסע מהמקום.",ההגנה,הגנה,ההגנה,הגנה
